-- MySQL dump 10.13  Distrib 8.0.42, for Linux (x86_64)
--
-- Host: localhost    Database: lieying
-- ------------------------------------------------------
-- Server version	8.0.42

/*!40101 SET @OLD_CHARACTER_SET_CLIENT=@@CHARACTER_SET_CLIENT */;
/*!40101 SET @OLD_CHARACTER_SET_RESULTS=@@CHARACTER_SET_RESULTS */;
/*!40101 SET @OLD_COLLATION_CONNECTION=@@COLLATION_CONNECTION */;
/*!50503 SET NAMES utf8mb4 */;
/*!40103 SET @OLD_TIME_ZONE=@@TIME_ZONE */;
/*!40103 SET TIME_ZONE='+00:00' */;
/*!40014 SET @OLD_UNIQUE_CHECKS=@@UNIQUE_CHECKS, UNIQUE_CHECKS=0 */;
/*!40014 SET @OLD_FOREIGN_KEY_CHECKS=@@FOREIGN_KEY_CHECKS, FOREIGN_KEY_CHECKS=0 */;
/*!40101 SET @OLD_SQL_MODE=@@SQL_MODE, SQL_MODE='NO_AUTO_VALUE_ON_ZERO' */;
/*!40111 SET @OLD_SQL_NOTES=@@SQL_NOTES, SQL_NOTES=0 */;

--
-- Current Database: `lieying`
--

CREATE DATABASE /*!32312 IF NOT EXISTS*/ `lieying` /*!40100 DEFAULT CHARACTER SET utf8mb4 COLLATE utf8mb4_0900_ai_ci */ /*!80016 DEFAULT ENCRYPTION='N' */;

USE `lieying`;

--
-- Table structure for table `auth_group`
--

DROP TABLE IF EXISTS `auth_group`;
/*!40101 SET @saved_cs_client     = @@character_set_client */;
/*!50503 SET character_set_client = utf8mb4 */;
CREATE TABLE `auth_group` (
  `id` int NOT NULL AUTO_INCREMENT,
  `name` varchar(150) NOT NULL,
  PRIMARY KEY (`id`),
  UNIQUE KEY `name` (`name`)
) ENGINE=InnoDB DEFAULT CHARSET=utf8mb4 COLLATE=utf8mb4_0900_ai_ci;
/*!40101 SET character_set_client = @saved_cs_client */;

--
-- Dumping data for table `auth_group`
--

LOCK TABLES `auth_group` WRITE;
/*!40000 ALTER TABLE `auth_group` DISABLE KEYS */;
/*!40000 ALTER TABLE `auth_group` ENABLE KEYS */;
UNLOCK TABLES;

--
-- Table structure for table `auth_group_permissions`
--

DROP TABLE IF EXISTS `auth_group_permissions`;
/*!40101 SET @saved_cs_client     = @@character_set_client */;
/*!50503 SET character_set_client = utf8mb4 */;
CREATE TABLE `auth_group_permissions` (
  `id` bigint NOT NULL AUTO_INCREMENT,
  `group_id` int NOT NULL,
  `permission_id` int NOT NULL,
  PRIMARY KEY (`id`),
  UNIQUE KEY `auth_group_permissions_group_id_permission_id_0cd325b0_uniq` (`group_id`,`permission_id`),
  KEY `auth_group_permissio_permission_id_84c5c92e_fk_auth_perm` (`permission_id`),
  CONSTRAINT `auth_group_permissio_permission_id_84c5c92e_fk_auth_perm` FOREIGN KEY (`permission_id`) REFERENCES `auth_permission` (`id`),
  CONSTRAINT `auth_group_permissions_group_id_b120cbf9_fk_auth_group_id` FOREIGN KEY (`group_id`) REFERENCES `auth_group` (`id`)
) ENGINE=InnoDB DEFAULT CHARSET=utf8mb4 COLLATE=utf8mb4_0900_ai_ci;
/*!40101 SET character_set_client = @saved_cs_client */;

--
-- Dumping data for table `auth_group_permissions`
--

LOCK TABLES `auth_group_permissions` WRITE;
/*!40000 ALTER TABLE `auth_group_permissions` DISABLE KEYS */;
/*!40000 ALTER TABLE `auth_group_permissions` ENABLE KEYS */;
UNLOCK TABLES;

--
-- Table structure for table `auth_permission`
--

DROP TABLE IF EXISTS `auth_permission`;
/*!40101 SET @saved_cs_client     = @@character_set_client */;
/*!50503 SET character_set_client = utf8mb4 */;
CREATE TABLE `auth_permission` (
  `id` int NOT NULL AUTO_INCREMENT,
  `name` varchar(255) NOT NULL,
  `content_type_id` int NOT NULL,
  `codename` varchar(100) NOT NULL,
  PRIMARY KEY (`id`),
  UNIQUE KEY `auth_permission_content_type_id_codename_01ab375a_uniq` (`content_type_id`,`codename`),
  CONSTRAINT `auth_permission_content_type_id_2f476e4b_fk_django_co` FOREIGN KEY (`content_type_id`) REFERENCES `django_content_type` (`id`)
) ENGINE=InnoDB AUTO_INCREMENT=69 DEFAULT CHARSET=utf8mb4 COLLATE=utf8mb4_0900_ai_ci;
/*!40101 SET character_set_client = @saved_cs_client */;

--
-- Dumping data for table `auth_permission`
--

LOCK TABLES `auth_permission` WRITE;
/*!40000 ALTER TABLE `auth_permission` DISABLE KEYS */;
INSERT INTO `auth_permission` VALUES (1,'Can add log entry',1,'add_logentry'),(2,'Can change log entry',1,'change_logentry'),(3,'Can delete log entry',1,'delete_logentry'),(4,'Can view log entry',1,'view_logentry'),(5,'Can add permission',2,'add_permission'),(6,'Can change permission',2,'change_permission'),(7,'Can delete permission',2,'delete_permission'),(8,'Can view permission',2,'view_permission'),(9,'Can add group',3,'add_group'),(10,'Can change group',3,'change_group'),(11,'Can delete group',3,'delete_group'),(12,'Can view group',3,'view_group'),(13,'Can add user',4,'add_user'),(14,'Can change user',4,'change_user'),(15,'Can delete user',4,'delete_user'),(16,'Can view user',4,'view_user'),(17,'Can add content type',5,'add_contenttype'),(18,'Can change content type',5,'change_contenttype'),(19,'Can delete content type',5,'delete_contenttype'),(20,'Can view content type',5,'view_contenttype'),(21,'Can add session',6,'add_session'),(22,'Can change session',6,'change_session'),(23,'Can delete session',6,'delete_session'),(24,'Can view session',6,'view_session'),(25,'Can add 用户资料',7,'add_userprofile'),(26,'Can change 用户资料',7,'change_userprofile'),(27,'Can delete 用户资料',7,'delete_userprofile'),(28,'Can view 用户资料',7,'view_userprofile'),(29,'Can add resume',8,'add_resume'),(30,'Can change resume',8,'change_resume'),(31,'Can delete resume',8,'delete_resume'),(32,'Can view resume',8,'view_resume'),(33,'Can add 简历版本',9,'add_resumeversion'),(34,'Can change 简历版本',9,'change_resumeversion'),(35,'Can delete 简历版本',9,'delete_resumeversion'),(36,'Can view 简历版本',9,'view_resumeversion'),(37,'Can add 岗位负责人',10,'add_jobowner'),(38,'Can change 岗位负责人',10,'change_jobowner'),(39,'Can delete 岗位负责人',10,'delete_jobowner'),(40,'Can view 岗位负责人',10,'view_jobowner'),(41,'Can add 岗位',11,'add_jobposition'),(42,'Can change 岗位',11,'change_jobposition'),(43,'Can delete 岗位',11,'delete_jobposition'),(44,'Can view 岗位',11,'view_jobposition'),(45,'Can add upload record',12,'add_uploadrecord'),(46,'Can change upload record',12,'change_uploadrecord'),(47,'Can delete upload record',12,'delete_uploadrecord'),(48,'Can view upload record',12,'view_uploadrecord'),(49,'Can add 简历岗位匹配',13,'add_matching'),(50,'Can change 简历岗位匹配',13,'change_matching'),(51,'Can delete 简历岗位匹配',13,'delete_matching'),(52,'Can view 简历岗位匹配',13,'view_matching'),(53,'Can add django job',14,'add_djangojob'),(54,'Can change django job',14,'change_djangojob'),(55,'Can delete django job',14,'delete_djangojob'),(56,'Can view django job',14,'view_djangojob'),(57,'Can add django job execution',15,'add_djangojobexecution'),(58,'Can change django job execution',15,'change_djangojobexecution'),(59,'Can delete django job execution',15,'delete_djangojobexecution'),(60,'Can view django job execution',15,'view_djangojobexecution'),(61,'Can add job match task',16,'add_jobmatchtask'),(62,'Can change job match task',16,'change_jobmatchtask'),(63,'Can delete job match task',16,'delete_jobmatchtask'),(64,'Can view job match task',16,'view_jobmatchtask'),(65,'Can add 面试流程',17,'add_interview'),(66,'Can change 面试流程',17,'change_interview'),(67,'Can delete 面试流程',17,'delete_interview'),(68,'Can view 面试流程',17,'view_interview');
/*!40000 ALTER TABLE `auth_permission` ENABLE KEYS */;
UNLOCK TABLES;

--
-- Table structure for table `auth_user`
--

DROP TABLE IF EXISTS `auth_user`;
/*!40101 SET @saved_cs_client     = @@character_set_client */;
/*!50503 SET character_set_client = utf8mb4 */;
CREATE TABLE `auth_user` (
  `id` int NOT NULL AUTO_INCREMENT,
  `password` varchar(128) NOT NULL,
  `last_login` datetime(6) DEFAULT NULL,
  `is_superuser` tinyint(1) NOT NULL,
  `username` varchar(150) NOT NULL,
  `first_name` varchar(150) NOT NULL,
  `last_name` varchar(150) NOT NULL,
  `email` varchar(254) NOT NULL,
  `is_staff` tinyint(1) NOT NULL,
  `is_active` tinyint(1) NOT NULL,
  `date_joined` datetime(6) NOT NULL,
  PRIMARY KEY (`id`),
  UNIQUE KEY `username` (`username`)
) ENGINE=InnoDB AUTO_INCREMENT=8 DEFAULT CHARSET=utf8mb4 COLLATE=utf8mb4_0900_ai_ci;
/*!40101 SET character_set_client = @saved_cs_client */;

--
-- Dumping data for table `auth_user`
--

LOCK TABLES `auth_user` WRITE;
/*!40000 ALTER TABLE `auth_user` DISABLE KEYS */;
INSERT INTO `auth_user` VALUES (1,'pbkdf2_sha256$1000000$hPdLtUTmhpHYq5y7SkUMJI$SvXI9vFHinzT6sdFNwbwHSS7BHEWq5ItZpYwfQKyslU=','2025-06-21 09:24:07.717254',1,'mango','','','981653507@qq.com',1,1,'2025-06-21 09:23:52.911285'),(3,'pbkdf2_sha256$600000$p3eUQldzPhOmJqcizglCUQ$zNbRkVRKDRuUgplftmpTmrOX+fDWUvH7NDYQOn9kFbQ=','2025-06-28 11:25:03.209535',0,'suwenyi','','','',0,1,'2025-06-24 09:16:45.291305'),(4,'pbkdf2_sha256$600000$RKR0W8TxNhMQh19yJdg4vu$6WsYaNVHSN7wMwccMoUWTr4MO0x7A1ME1ZwTlxwIDGk=','2025-06-29 03:30:29.376287',1,'lieying','','','',1,1,'2025-06-27 13:28:26.905855'),(5,'pbkdf2_sha256$600000$bAGDJwof4TTZ0REryrFSUt$QD4JW7qK3auGW+KVvOdPr98dK7hnaC4K/7AYQsIPYxc=','2025-06-28 11:42:09.068541',0,'Lwj','','','',0,1,'2025-06-28 11:42:08.827597'),(6,'pbkdf2_sha256$600000$kZIe1nOBMdUeevi2AiV7Ds$d+IPaCNmWFmD6Lmb9RSNg1Ey/EtpxQUGzHqQOgYKH4c=','2025-06-28 11:53:40.371572',0,'zhangchi','','','',0,1,'2025-06-28 11:53:40.120084'),(7,'pbkdf2_sha256$600000$oL3WbyhWOytSkn3DOEuxhu$zV97BVKPVx7gkJZ3El0J3yewMSsP/aPck2FxyO3ry3s=','2025-06-29 03:43:12.028710',0,'zhengxiang','','','',0,1,'2025-06-29 03:43:11.781896');
/*!40000 ALTER TABLE `auth_user` ENABLE KEYS */;
UNLOCK TABLES;

--
-- Table structure for table `auth_user_groups`
--

DROP TABLE IF EXISTS `auth_user_groups`;
/*!40101 SET @saved_cs_client     = @@character_set_client */;
/*!50503 SET character_set_client = utf8mb4 */;
CREATE TABLE `auth_user_groups` (
  `id` bigint NOT NULL AUTO_INCREMENT,
  `user_id` int NOT NULL,
  `group_id` int NOT NULL,
  PRIMARY KEY (`id`),
  UNIQUE KEY `auth_user_groups_user_id_group_id_94350c0c_uniq` (`user_id`,`group_id`),
  KEY `auth_user_groups_group_id_97559544_fk_auth_group_id` (`group_id`),
  CONSTRAINT `auth_user_groups_group_id_97559544_fk_auth_group_id` FOREIGN KEY (`group_id`) REFERENCES `auth_group` (`id`),
  CONSTRAINT `auth_user_groups_user_id_6a12ed8b_fk_auth_user_id` FOREIGN KEY (`user_id`) REFERENCES `auth_user` (`id`)
) ENGINE=InnoDB DEFAULT CHARSET=utf8mb4 COLLATE=utf8mb4_0900_ai_ci;
/*!40101 SET character_set_client = @saved_cs_client */;

--
-- Dumping data for table `auth_user_groups`
--

LOCK TABLES `auth_user_groups` WRITE;
/*!40000 ALTER TABLE `auth_user_groups` DISABLE KEYS */;
/*!40000 ALTER TABLE `auth_user_groups` ENABLE KEYS */;
UNLOCK TABLES;

--
-- Table structure for table `auth_user_user_permissions`
--

DROP TABLE IF EXISTS `auth_user_user_permissions`;
/*!40101 SET @saved_cs_client     = @@character_set_client */;
/*!50503 SET character_set_client = utf8mb4 */;
CREATE TABLE `auth_user_user_permissions` (
  `id` bigint NOT NULL AUTO_INCREMENT,
  `user_id` int NOT NULL,
  `permission_id` int NOT NULL,
  PRIMARY KEY (`id`),
  UNIQUE KEY `auth_user_user_permissions_user_id_permission_id_14a6b632_uniq` (`user_id`,`permission_id`),
  KEY `auth_user_user_permi_permission_id_1fbb5f2c_fk_auth_perm` (`permission_id`),
  CONSTRAINT `auth_user_user_permi_permission_id_1fbb5f2c_fk_auth_perm` FOREIGN KEY (`permission_id`) REFERENCES `auth_permission` (`id`),
  CONSTRAINT `auth_user_user_permissions_user_id_a95ead1b_fk_auth_user_id` FOREIGN KEY (`user_id`) REFERENCES `auth_user` (`id`)
) ENGINE=InnoDB DEFAULT CHARSET=utf8mb4 COLLATE=utf8mb4_0900_ai_ci;
/*!40101 SET character_set_client = @saved_cs_client */;

--
-- Dumping data for table `auth_user_user_permissions`
--

LOCK TABLES `auth_user_user_permissions` WRITE;
/*!40000 ALTER TABLE `auth_user_user_permissions` DISABLE KEYS */;
/*!40000 ALTER TABLE `auth_user_user_permissions` ENABLE KEYS */;
UNLOCK TABLES;

--
-- Table structure for table `django_admin_log`
--

DROP TABLE IF EXISTS `django_admin_log`;
/*!40101 SET @saved_cs_client     = @@character_set_client */;
/*!50503 SET character_set_client = utf8mb4 */;
CREATE TABLE `django_admin_log` (
  `id` int NOT NULL AUTO_INCREMENT,
  `action_time` datetime(6) NOT NULL,
  `object_id` longtext,
  `object_repr` varchar(200) NOT NULL,
  `action_flag` smallint unsigned NOT NULL,
  `change_message` longtext NOT NULL,
  `content_type_id` int DEFAULT NULL,
  `user_id` int NOT NULL,
  PRIMARY KEY (`id`),
  KEY `django_admin_log_content_type_id_c4bce8eb_fk_django_co` (`content_type_id`),
  KEY `django_admin_log_user_id_c564eba6_fk_auth_user_id` (`user_id`),
  CONSTRAINT `django_admin_log_content_type_id_c4bce8eb_fk_django_co` FOREIGN KEY (`content_type_id`) REFERENCES `django_content_type` (`id`),
  CONSTRAINT `django_admin_log_user_id_c564eba6_fk_auth_user_id` FOREIGN KEY (`user_id`) REFERENCES `auth_user` (`id`),
  CONSTRAINT `django_admin_log_chk_1` CHECK ((`action_flag` >= 0))
) ENGINE=InnoDB AUTO_INCREMENT=2 DEFAULT CHARSET=utf8mb4 COLLATE=utf8mb4_0900_ai_ci;
/*!40101 SET character_set_client = @saved_cs_client */;

--
-- Dumping data for table `django_admin_log`
--

LOCK TABLES `django_admin_log` WRITE;
/*!40000 ALTER TABLE `django_admin_log` DISABLE KEYS */;
INSERT INTO `django_admin_log` VALUES (1,'2025-06-29 03:30:18.991757','2','zhengxiang',3,'',4,4);
/*!40000 ALTER TABLE `django_admin_log` ENABLE KEYS */;
UNLOCK TABLES;

--
-- Table structure for table `django_apscheduler_djangojob`
--

DROP TABLE IF EXISTS `django_apscheduler_djangojob`;
/*!40101 SET @saved_cs_client     = @@character_set_client */;
/*!50503 SET character_set_client = utf8mb4 */;
CREATE TABLE `django_apscheduler_djangojob` (
  `id` varchar(255) NOT NULL,
  `next_run_time` datetime(6) DEFAULT NULL,
  `job_state` longblob NOT NULL,
  PRIMARY KEY (`id`),
  KEY `django_apscheduler_djangojob_next_run_time_2f022619` (`next_run_time`)
) ENGINE=InnoDB DEFAULT CHARSET=utf8mb4 COLLATE=utf8mb4_0900_ai_ci;
/*!40101 SET character_set_client = @saved_cs_client */;

--
-- Dumping data for table `django_apscheduler_djangojob`
--

LOCK TABLES `django_apscheduler_djangojob` WRITE;
/*!40000 ALTER TABLE `django_apscheduler_djangojob` DISABLE KEYS */;
INSERT INTO `django_apscheduler_djangojob` VALUES ('resume_job_matching','2025-06-28 07:47:16.050368',_binary '4\0\0\0\0\0\0}(versionKidresume_job_matchingfunc&match.services:run_resume_job_matchingtriggerapscheduler.triggers.intervalIntervalTrigger)}(hKtimezonebuiltinsgetattrzoneinfoZoneInfo	_unpickleR\rAsia/ShanghaiKR\nstart_datedatetimedatetimeC\n\*\0\hRend_dateNintervalh\Z	timedeltaK\0M,K\0RjitterNubexecutordefaultargs)kwargs}overwrite_existingsnamerun_resume_job_matchingmisfire_grace_timeKcoalesce\rmax_instancesK\rnext_run_timehC\n\/\0\hRu.');
/*!40000 ALTER TABLE `django_apscheduler_djangojob` ENABLE KEYS */;
UNLOCK TABLES;

--
-- Table structure for table `django_apscheduler_djangojobexecution`
--

DROP TABLE IF EXISTS `django_apscheduler_djangojobexecution`;
/*!40101 SET @saved_cs_client     = @@character_set_client */;
/*!50503 SET character_set_client = utf8mb4 */;
CREATE TABLE `django_apscheduler_djangojobexecution` (
  `id` bigint NOT NULL AUTO_INCREMENT,
  `status` varchar(50) NOT NULL,
  `run_time` datetime(6) NOT NULL,
  `duration` decimal(15,2) DEFAULT NULL,
  `finished` decimal(15,2) DEFAULT NULL,
  `exception` varchar(1000) DEFAULT NULL,
  `traceback` longtext,
  `job_id` varchar(255) NOT NULL,
  PRIMARY KEY (`id`),
  UNIQUE KEY `unique_job_executions` (`job_id`,`run_time`),
  KEY `django_apscheduler_djangojobexecution_run_time_16edd96b` (`run_time`),
  CONSTRAINT `django_apscheduler_djangojobexecution_job_id_daf5090a_fk` FOREIGN KEY (`job_id`) REFERENCES `django_apscheduler_djangojob` (`id`)
) ENGINE=InnoDB AUTO_INCREMENT=9 DEFAULT CHARSET=utf8mb4 COLLATE=utf8mb4_0900_ai_ci;
/*!40101 SET character_set_client = @saved_cs_client */;

--
-- Dumping data for table `django_apscheduler_djangojobexecution`
--

LOCK TABLES `django_apscheduler_djangojobexecution` WRITE;
/*!40000 ALTER TABLE `django_apscheduler_djangojobexecution` DISABLE KEYS */;
INSERT INTO `django_apscheduler_djangojobexecution` VALUES (1,'Executed','2025-06-28 02:34:51.670871',61.16,1751078152.83,NULL,NULL,'resume_job_matching'),(2,'Executed','2025-06-28 03:00:16.322192',83.41,1751079699.73,NULL,NULL,'resume_job_matching'),(3,'Executed','2025-06-28 07:07:02.222544',59.99,1751094482.21,NULL,NULL,'resume_job_matching'),(4,'Executed','2025-06-28 07:12:02.222544',55.11,1751094777.34,NULL,NULL,'resume_job_matching'),(5,'Executed','2025-06-28 07:17:02.222544',55.18,1751095077.40,NULL,NULL,'resume_job_matching'),(6,'Executed','2025-06-28 07:22:02.222544',0.02,1751095322.24,NULL,NULL,'resume_job_matching'),(7,'Executed','2025-06-28 07:27:02.222544',0.04,1751095622.26,NULL,NULL,'resume_job_matching'),(8,'Executed','2025-06-28 07:42:16.050368',173.66,1751096709.71,NULL,NULL,'resume_job_matching');
/*!40000 ALTER TABLE `django_apscheduler_djangojobexecution` ENABLE KEYS */;
UNLOCK TABLES;

--
-- Table structure for table `django_content_type`
--

DROP TABLE IF EXISTS `django_content_type`;
/*!40101 SET @saved_cs_client     = @@character_set_client */;
/*!50503 SET character_set_client = utf8mb4 */;
CREATE TABLE `django_content_type` (
  `id` int NOT NULL AUTO_INCREMENT,
  `app_label` varchar(100) NOT NULL,
  `model` varchar(100) NOT NULL,
  PRIMARY KEY (`id`),
  UNIQUE KEY `django_content_type_app_label_model_76bd3d3b_uniq` (`app_label`,`model`)
) ENGINE=InnoDB AUTO_INCREMENT=18 DEFAULT CHARSET=utf8mb4 COLLATE=utf8mb4_0900_ai_ci;
/*!40101 SET character_set_client = @saved_cs_client */;

--
-- Dumping data for table `django_content_type`
--

LOCK TABLES `django_content_type` WRITE;
/*!40000 ALTER TABLE `django_content_type` DISABLE KEYS */;
INSERT INTO `django_content_type` VALUES (1,'admin','logentry'),(3,'auth','group'),(2,'auth','permission'),(4,'auth','user'),(5,'contenttypes','contenttype'),(14,'django_apscheduler','djangojob'),(15,'django_apscheduler','djangojobexecution'),(10,'jobs','jobowner'),(11,'jobs','jobposition'),(17,'match','interview'),(16,'match','jobmatchtask'),(13,'match','matching'),(8,'resumes','resume'),(9,'resumes','resumeversion'),(12,'resumes','uploadrecord'),(6,'sessions','session'),(7,'users','userprofile');
/*!40000 ALTER TABLE `django_content_type` ENABLE KEYS */;
UNLOCK TABLES;

--
-- Table structure for table `django_migrations`
--

DROP TABLE IF EXISTS `django_migrations`;
/*!40101 SET @saved_cs_client     = @@character_set_client */;
/*!50503 SET character_set_client = utf8mb4 */;
CREATE TABLE `django_migrations` (
  `id` bigint NOT NULL AUTO_INCREMENT,
  `app` varchar(255) NOT NULL,
  `name` varchar(255) NOT NULL,
  `applied` datetime(6) NOT NULL,
  PRIMARY KEY (`id`)
) ENGINE=InnoDB AUTO_INCREMENT=46 DEFAULT CHARSET=utf8mb4 COLLATE=utf8mb4_0900_ai_ci;
/*!40101 SET character_set_client = @saved_cs_client */;

--
-- Dumping data for table `django_migrations`
--

LOCK TABLES `django_migrations` WRITE;
/*!40000 ALTER TABLE `django_migrations` DISABLE KEYS */;
INSERT INTO `django_migrations` VALUES (1,'contenttypes','0001_initial','2025-06-21 04:10:09.934565'),(2,'auth','0001_initial','2025-06-21 04:10:10.247759'),(3,'admin','0001_initial','2025-06-21 04:10:10.339909'),(4,'admin','0002_logentry_remove_auto_add','2025-06-21 04:10:10.345223'),(5,'admin','0003_logentry_add_action_flag_choices','2025-06-21 04:10:10.349709'),(6,'contenttypes','0002_remove_content_type_name','2025-06-21 04:10:10.419624'),(7,'auth','0002_alter_permission_name_max_length','2025-06-21 04:10:10.468481'),(8,'auth','0003_alter_user_email_max_length','2025-06-21 04:10:10.485170'),(9,'auth','0004_alter_user_username_opts','2025-06-21 04:10:10.489132'),(10,'auth','0005_alter_user_last_login_null','2025-06-21 04:10:10.514605'),(11,'auth','0006_require_contenttypes_0002','2025-06-21 04:10:10.516005'),(12,'auth','0007_alter_validators_add_error_messages','2025-06-21 04:10:10.520791'),(13,'auth','0008_alter_user_username_max_length','2025-06-21 04:10:10.570800'),(14,'auth','0009_alter_user_last_name_max_length','2025-06-21 04:10:10.631386'),(15,'auth','0010_alter_group_name_max_length','2025-06-21 04:10:10.648593'),(16,'auth','0011_update_proxy_permissions','2025-06-21 04:10:10.653261'),(17,'auth','0012_alter_user_first_name_max_length','2025-06-21 04:10:10.680702'),(18,'sessions','0001_initial','2025-06-21 04:10:10.697653'),(19,'jobs','0001_initial','2025-06-21 08:57:35.121741'),(20,'resumes','0001_initial','2025-06-21 08:57:35.237709'),(21,'users','0001_initial','2025-06-21 08:57:35.284485'),(22,'resumes','0002_remove_resume_current_version_alter_resume_options_and_more','2025-06-22 08:30:04.441073'),(23,'resumes','0003_uploadrecord','2025-06-23 00:38:06.473264'),(24,'resumes','0004_uploadrecord_parse_status_uploadrecord_resume_and_more','2025-06-23 01:32:49.184761'),(25,'resumes','0005_alter_uploadrecord_options_and_more','2025-06-24 08:12:01.399766'),(26,'resumes','0006_uploadrecord_error_message','2025-06-26 12:48:10.555070'),(27,'match','0001_initial','2025-06-26 13:08:50.201727'),(28,'resumes','0005_alter_uploadrecord_options','2025-06-27 00:34:04.423914'),(29,'resumes','0007_merge_20250627_0833','2025-06-27 00:34:04.428532'),(30,'django_apscheduler','0001_initial','2025-06-27 12:16:01.437108'),(31,'django_apscheduler','0002_auto_20180412_0758','2025-06-27 12:16:01.465957'),(32,'django_apscheduler','0003_auto_20200716_1632','2025-06-27 12:16:01.484519'),(33,'django_apscheduler','0004_auto_20200717_1043','2025-06-27 12:16:01.612336'),(34,'django_apscheduler','0005_migrate_name_to_id','2025-06-27 12:16:01.629614'),(35,'django_apscheduler','0006_remove_djangojob_name','2025-06-27 12:16:01.653260'),(36,'django_apscheduler','0007_auto_20200717_1404','2025-06-27 12:16:01.684592'),(37,'django_apscheduler','0008_remove_djangojobexecution_started','2025-06-27 12:16:01.724856'),(38,'django_apscheduler','0009_djangojobexecution_unique_job_executions','2025-06-27 12:16:01.743533'),(39,'jobs','0002_jobposition_updated_at','2025-06-28 01:28:13.000275'),(40,'resumes','0008_resume_related_jobs','2025-06-28 07:46:27.832913'),(41,'match','0002_matching_task_status','2025-06-28 10:00:42.420255'),(42,'match','0003_jobmatchtask','2025-06-28 10:54:50.314428'),(43,'match','0004_alter_jobmatchtask_last_processed_resume_id','2025-06-28 14:30:53.984521'),(44,'match','0005_interview','2025-06-29 08:30:30.002465'),(45,'match','0006_matching_reason_matching_strengths_and_more','2025-07-03 00:35:08.001911');
/*!40000 ALTER TABLE `django_migrations` ENABLE KEYS */;
UNLOCK TABLES;

--
-- Table structure for table `django_session`
--

DROP TABLE IF EXISTS `django_session`;
/*!40101 SET @saved_cs_client     = @@character_set_client */;
/*!50503 SET character_set_client = utf8mb4 */;
CREATE TABLE `django_session` (
  `session_key` varchar(40) NOT NULL,
  `session_data` longtext NOT NULL,
  `expire_date` datetime(6) NOT NULL,
  PRIMARY KEY (`session_key`),
  KEY `django_session_expire_date_a5c62663` (`expire_date`)
) ENGINE=InnoDB DEFAULT CHARSET=utf8mb4 COLLATE=utf8mb4_0900_ai_ci;
/*!40101 SET character_set_client = @saved_cs_client */;

--
-- Dumping data for table `django_session`
--

LOCK TABLES `django_session` WRITE;
/*!40000 ALTER TABLE `django_session` DISABLE KEYS */;
INSERT INTO `django_session` VALUES ('2ee5a7sjgbcmt6ylp4prxurd7kkiw1aa','.eJxVjMsOwiAQRf-FtSFkeAx16d5vIMwAUjWQlHZl_Hdt0oVu7znnvkSI21rDNvIS5iTOQovT70aRH7ntIN1ju3XJva3LTHJX5EGHvPaUn5fD_TuocdRvXVJEYshaGUUOXOJSOGsAU4CS9d4gk3VoGFAhIRFZnrxn5TLZCcX7AwXuOGs:1uTzll:CpHkN73gcPywy1caClowctPWCwUR0gdWPCqUHrHcS-g','2025-07-08 09:16:45.534645'),('8pvji9dgz4rh6zd9wlnu4pg2uth51xkt','.eJxVjEsOwjAMBe-SNYrqqHESluw5Q2XHLimgROpnhbg7VOoCtm9m3ssMtK1l2Badh0nM2YA5_W5M-aF1B3Knems2t7rOE9tdsQdd7LWJPi-H-3dQaCnfOnhMvZcQ0oiIAtxLyrH3MHrKBNpBJHHQcYfOKQXWmBDH7Bwn50HN-wPNIzd6:1uSuSF:ESpDVhJDLAbTb6tWGPa4rOL39qZCHretJvQrtmxWj6A','2025-07-05 09:24:07.587905'),('b7ublwuyarxjjfk524t8psugdx3o91a4','.eJxVjMsOwiAQRf-FtSFQylC6dO83kBkeFjVgSptojP-uTbrp9p5z7oe5FlvLtbj4eub5zUbZCQtCnJjDdZnc2uLscmAj69hhI_T3WDYQbliulftaljkT3xS-08YvNcTHeXcPBxO26V8PViH1pI3VCrwBI7TWIBApQUJAmUh7IDuQVFJCL70wcYi9TwGj6BT7_gD6t0A8:1uVUmT:PnOOP_4qZdDNEY3-_xgPEgpeDTKHk1piGjP03mOP8jw','2025-07-12 12:35:41.664499'),('bukjo3tf561vvq0gf0o3x4fojf2isrbb','.eJxVjMsOwiAQRf-FtSEUGB4u3fsNZJihUjU0Ke3K-O_apAvd3nPOfYmE21rT1suSJhZn4cTpd8tIj9J2wHdst1nS3NZlynJX5EG7vM5cnpfD_Tuo2Ou3Vh6UYmeDV4HIW2sGR5AdjZ7ZgQEdTYTCfrBu5GBNiagxa4taQwYS7w-5KTcb:1uVU7o:oYEsCZlfaiyxTW-H_JELHtP9lvxQeOnPNhVn5I_GEPc','2025-07-12 11:53:40.374368'),('c5z76ve5nek5pcp58eplqpjv5kdj0sef','.eJxVjMsOwiAQRf-FtSFQylC6dO83kBkeFjVgSptojP-uTbrp9p5z7oe5FlvLtbj4eub5zUbZCQtCnJjDdZnc2uLscmAj69hhI_T3WDYQbliulftaljkT3xS-08YvNcTHeXcPBxO26V8PViH1pI3VCrwBI7TWIBApQUJAmUh7IDuQVFJCL70wcYi9TwGj6BT7_gD6t0A8:1uVgwe:etVP1HpqfzOjZfVv34uE27oRDVgOxSHVjgDvlJhS3sI','2025-07-13 01:35:00.536035'),('c87lg5cwzim4mh1v9n9jerz739ofyvey','.eJxVjEEOwiAQRe_C2hCgwBSX7j0DAWZGqoYmpV0Z765NutDtf-_9l4hpW2vcOi1xQnEWTpx-t5zKg9oO8J7abZZlbusyZbkr8qBdXmek5-Vw_w5q6vVbM2alLXMouoSAzjLA4DBnJGMc-nHApFBRADLWQ7EctAXW5McMCVG8PwVROKw:1uVTwf:Lw_WUndfV0D9CfB0jeOWuiAP6eJ6m8zxWSIAzUW7vbE','2025-07-12 11:42:09.071548'),('hy5x94a1g9gh166ygoxk9bwu1819yezm','.eJxVjMsOwiAQRf-FtSFIebVL934DYYbBogaa0iYa479rk266veec-2G-UWu5Fk-vKc9vNpyl6I0QJ-bDuox-bTT7HNnAOnbYIOCDygbiPZRb5VjLMmfgm8J32vi1RnpedvdwMIY2_usUgwWU1AklwEgTMSWkTkqVJETtnLII2liF0goLFgA09s6hMAS6t-z7AyzGQNo:1uVTg7:q-6DPeUb-73gZA7FZqkTZ0IybVGx8x33tcH_apYftm4','2025-07-12 11:25:03.212076'),('nr7kwhoa41ch085w8rqitc2tderh8otz','.eJxVjEsOwjAMBe-SNYrqqHESluw5Q2XHLimgROpnhbg7VOoCtm9m3ssMtK1l2Badh0nM2YA5_W5M-aF1B3Knems2t7rOE9tdsQdd7LWJPi-H-3dQaCnfOnhMvZcQ0oiIAtxLyrH3MHrKBNpBJHHQcYfOKQXWmBDH7Bwn50HN-wPNIzd6:1uSuSF:ESpDVhJDLAbTb6tWGPa4rOL39qZCHretJvQrtmxWj6A','2025-07-05 09:24:07.719922'),('ucon56hayyyc31ex3d45qrm110bax4uw','.eJxVjMsOwiAQRf-FtSFQylC6dO83kBkeFjVgSptojP-uTbrp9p5z7oe5FlvLtbj4eub5zUbZCQtCnJjDdZnc2uLscmAj69hhI_T3WDYQbliulftaljkT3xS-08YvNcTHeXcPBxO26V8PViH1pI3VCrwBI7TWIBApQUJAmUh7IDuQVFJCL70wcYi9TwGj6BT7_gD6t0A8:1uVQgq:atmXAFjJbU5QxB0K-Oi6f34-Xg_Y3boc2IztDF2Lg2k','2025-07-12 08:13:36.728416'),('vava6rr07h5i0rq1zmlmmw9dttk8968s','.eJxVjDsOwjAQBe_iGlnejT-Ekp4zWOvP4gCypTipEHcnkVJA-2bmvYWndSl-7Xn2UxIX4cTpdwsUn7nuID2o3puMrS7zFOSuyIN2eWspv66H-3dQqJetxjOnoFElHgi1jhYH1paMwwQmm5HJMiM4NQJkylYDBAQVg40cNlF8vuKHN-w:1uViwi:6-oCv-OtOeSPRdVaBd1AFNRK9bLwcpSzDNtu0a1GRn8','2025-07-13 03:43:12.031047'),('zqo1jns6ohovlklis5o5fwp7pxift0ki','.eJxVjMsOwiAQRf-FtSFQylC6dO83kBkeFjVgSptojP-uTbrp9p5z7oe5FlvLtbj4eub5zUbZCQtCnJjDdZnc2uLscmAj69hhI_T3WDYQbliulftaljkT3xS-08YvNcTHeXcPBxO26V8PViH1pI3VCrwBI7TWIBApQUJAmUh7IDuQVFJCL70wcYi9TwGj6BT7_gD6t0A8:1uUx6l:IVs1OQqUIuiqhT7K9oWTG4U1W1y0HW_94joBE396yPQ','2025-07-11 00:38:23.740476');
/*!40000 ALTER TABLE `django_session` ENABLE KEYS */;
UNLOCK TABLES;

--
-- Table structure for table `jobs_jobowner`
--

DROP TABLE IF EXISTS `jobs_jobowner`;
/*!40101 SET @saved_cs_client     = @@character_set_client */;
/*!50503 SET character_set_client = utf8mb4 */;
CREATE TABLE `jobs_jobowner` (
  `id` bigint NOT NULL AUTO_INCREMENT,
  `start_time` datetime(6) NOT NULL,
  `end_time` datetime(6) DEFAULT NULL,
  `user_id` int NOT NULL,
  `job_id` bigint NOT NULL,
  PRIMARY KEY (`id`),
  UNIQUE KEY `jobs_jobowner_job_id_user_id_start_time_2c56f361_uniq` (`job_id`,`user_id`,`start_time`),
  KEY `jobs_jobowner_user_id_235ac337_fk_auth_user_id` (`user_id`),
  CONSTRAINT `jobs_jobowner_job_id_3989ae98_fk_jobs_jobposition_id` FOREIGN KEY (`job_id`) REFERENCES `jobs_jobposition` (`id`),
  CONSTRAINT `jobs_jobowner_user_id_235ac337_fk_auth_user_id` FOREIGN KEY (`user_id`) REFERENCES `auth_user` (`id`)
) ENGINE=InnoDB DEFAULT CHARSET=utf8mb4 COLLATE=utf8mb4_0900_ai_ci;
/*!40101 SET character_set_client = @saved_cs_client */;

--
-- Dumping data for table `jobs_jobowner`
--

LOCK TABLES `jobs_jobowner` WRITE;
/*!40000 ALTER TABLE `jobs_jobowner` DISABLE KEYS */;
/*!40000 ALTER TABLE `jobs_jobowner` ENABLE KEYS */;
UNLOCK TABLES;

--
-- Table structure for table `jobs_jobposition`
--

DROP TABLE IF EXISTS `jobs_jobposition`;
/*!40101 SET @saved_cs_client     = @@character_set_client */;
/*!50503 SET character_set_client = utf8mb4 */;
CREATE TABLE `jobs_jobposition` (
  `id` bigint NOT NULL AUTO_INCREMENT,
  `name` varchar(100) NOT NULL,
  `company` varchar(100) NOT NULL,
  `city` varchar(50) NOT NULL,
  `salary` varchar(50) NOT NULL,
  `work_experience` varchar(50) NOT NULL,
  `education` varchar(50) NOT NULL,
  `language` varchar(50) NOT NULL,
  `responsibilities` longtext NOT NULL,
  `requirements` longtext NOT NULL,
  `created_at` datetime(6) NOT NULL,
  `updated_at` datetime(6) NOT NULL,
  PRIMARY KEY (`id`)
) ENGINE=InnoDB AUTO_INCREMENT=6 DEFAULT CHARSET=utf8mb4 COLLATE=utf8mb4_0900_ai_ci;
/*!40101 SET character_set_client = @saved_cs_client */;

--
-- Dumping data for table `jobs_jobposition`
--

LOCK TABLES `jobs_jobposition` WRITE;
/*!40000 ALTER TABLE `jobs_jobposition` DISABLE KEYS */;
INSERT INTO `jobs_jobposition` VALUES (1,'算法工程师','阿里巴巴','杭州','','应届生','不限','不限','','','2025-06-27 23:56:15.874277','2025-06-28 09:41:33.352967'),(2,'算法工程师','字节跳动','上海','','不限','985','','1、支持快速增长的抖音生活服务业务的算法支持工作；职责范围包括提高决策信息覆盖，提升转化效率，改善用户体验，探索更高效的商业模式，提升内容理解程度等；\r\n2、利用海量数据搭建业内领先的机器学习算法和架构建模用户反馈，提升用户体验；\r\n3、应用先进的机器学习技术，解决各种内容理解相关性，在线/离线，大数据量/小数据量，长期/短期信号等不同场景中遇到的各种挑战；\r\n4、对用户、作者、商家的行为做深入的理解和分析，制定针对的算法策略促进生态良性发展。','1、本科及以上学历在读；\r\n2、具备优秀的编码能力，扎实的数据结构和算法功底；\r\n3、优秀的分析问题和解决问题的能力，对解决具有挑战性问题充满激情；\r\n4、对技术有热情，有良好的沟通表达能力和团队精神；\r\n5、熟悉机器学习、计算机视觉、自然语言处理、数据挖掘中一项或多项。','2025-06-28 07:40:13.982821','2025-06-28 08:59:53.257490'),(3,'后端开发','字节跳动','北京','','3-5年','本科','英语','','','2025-06-28 10:29:06.647653','2025-06-28 10:29:06.647679'),(4,'Android开发实习生-飞书AI','字节跳动','北京','','不限','不限','不限','1、参与飞书业务搜索和AI相关功能开发和迭代；\r\n2、与产品一起配合，参与产品需求讨论和技术方案设计；\r\n3、参与前沿的AI应用技术研究，重点、难点的技术攻坚。','1、本科及以上学历在读，计算机、软件工程等相关专业优先；\r\n2、具有扎实的编程功底，良好的设计能力和编程习惯；\r\n3、熟练掌握Java/Kotlin/C++/C任意一门语言；\r\n4、熟悉Android UI/网络/数据库框架；\r\n5、加分项：对技术有热情，有良好的沟通表达能力和团队精神；热爱移动端开发，有优秀产品开发经验；\r\n6、能实习至少4个月，每周出勤至少4天。','2025-06-29 08:01:12.309232','2025-06-29 08:01:12.309261'),(5,'【音视频方向】服务端测试开发实习生','小红书','深圳','','不限','本科','不限','点播、图片服务端，需要有较强的代码能力，有图像/视频处理经验更好。\r\n1、负责小红书点播或图片业务服务端的接口功能测试；\r\n2、负责编写测试用例、测试执行、测试上线环节的全流程质量把控；\r\n3、参与提效工具开发，包括参与工具平台和脚本开发','1、本科以上学历，计算机、软件工程、电子信息等相关专业者优先；\r\n2、有音视频相关测试经验，熟练使用ffmpeg、opencv等音视频测试工具优先；\r\n3、熟练掌握python、Java任一种或几种语言；','2025-07-03 01:28:45.418893','2025-07-03 01:28:45.418935');
/*!40000 ALTER TABLE `jobs_jobposition` ENABLE KEYS */;
UNLOCK TABLES;

--
-- Table structure for table `match_interview`
--

DROP TABLE IF EXISTS `match_interview`;
/*!40101 SET @saved_cs_client     = @@character_set_client */;
/*!50503 SET character_set_client = utf8mb4 */;
CREATE TABLE `match_interview` (
  `id` bigint NOT NULL AUTO_INCREMENT,
  PRIMARY KEY (`id`)
) ENGINE=InnoDB DEFAULT CHARSET=utf8mb4 COLLATE=utf8mb4_0900_ai_ci;
/*!40101 SET character_set_client = @saved_cs_client */;

--
-- Dumping data for table `match_interview`
--

LOCK TABLES `match_interview` WRITE;
/*!40000 ALTER TABLE `match_interview` DISABLE KEYS */;
/*!40000 ALTER TABLE `match_interview` ENABLE KEYS */;
UNLOCK TABLES;

--
-- Table structure for table `match_jobmatchtask`
--

DROP TABLE IF EXISTS `match_jobmatchtask`;
/*!40101 SET @saved_cs_client     = @@character_set_client */;
/*!50503 SET character_set_client = utf8mb4 */;
CREATE TABLE `match_jobmatchtask` (
  `id` bigint NOT NULL AUTO_INCREMENT,
  `status` varchar(10) NOT NULL,
  `last_processed_resume_id` varchar(32) DEFAULT NULL,
  `updated_at` datetime(6) NOT NULL,
  `job_id` bigint NOT NULL,
  PRIMARY KEY (`id`),
  UNIQUE KEY `job_id` (`job_id`),
  CONSTRAINT `match_jobmatchtask_job_id_923eb492_fk_jobs_jobposition_id` FOREIGN KEY (`job_id`) REFERENCES `jobs_jobposition` (`id`)
) ENGINE=InnoDB AUTO_INCREMENT=6 DEFAULT CHARSET=utf8mb4 COLLATE=utf8mb4_0900_ai_ci;
/*!40101 SET character_set_client = @saved_cs_client */;

--
-- Dumping data for table `match_jobmatchtask`
--

LOCK TABLES `match_jobmatchtask` WRITE;
/*!40000 ALTER TABLE `match_jobmatchtask` DISABLE KEYS */;
INSERT INTO `match_jobmatchtask` VALUES (1,'已完成',NULL,'2025-07-03 01:28:52.611841',3),(2,'已完成',NULL,'2025-07-03 01:29:02.378741',2),(3,'已完成',NULL,'2025-07-03 01:36:17.306247',1),(4,'已完成',NULL,'2025-07-03 01:10:55.067410',4),(5,'已完成',NULL,'2025-07-03 01:40:18.806287',5);
/*!40000 ALTER TABLE `match_jobmatchtask` ENABLE KEYS */;
UNLOCK TABLES;

--
-- Table structure for table `match_matching`
--

DROP TABLE IF EXISTS `match_matching`;
/*!40101 SET @saved_cs_client     = @@character_set_client */;
/*!50503 SET character_set_client = utf8mb4 */;
CREATE TABLE `match_matching` (
  `id` bigint NOT NULL AUTO_INCREMENT,
  `status` varchar(20) NOT NULL,
  `score` double DEFAULT NULL,
  `score_source` varchar(100) NOT NULL,
  `scored_at` datetime(6) NOT NULL,
  `updated_at` datetime(6) NOT NULL,
  `job_id` bigint NOT NULL,
  `resume_id` varchar(32) NOT NULL,
  `task_status` varchar(10) NOT NULL,
  `reason` longtext NOT NULL DEFAULT (_utf8mb3''),
  `strengths` longtext NOT NULL DEFAULT (_utf8mb3''),
  `suggestions` longtext NOT NULL DEFAULT (_utf8mb3''),
  `weaknesses` longtext NOT NULL DEFAULT (_utf8mb3''),
  PRIMARY KEY (`id`),
  UNIQUE KEY `match_matching_resume_id_job_id_5167a41f_uniq` (`resume_id`,`job_id`),
  KEY `match_matching_job_id_dfd0344f_fk_jobs_jobposition_id` (`job_id`),
  CONSTRAINT `match_matching_job_id_dfd0344f_fk_jobs_jobposition_id` FOREIGN KEY (`job_id`) REFERENCES `jobs_jobposition` (`id`),
  CONSTRAINT `match_matching_resume_id_977226f7_fk_resumes_resume_resume_id` FOREIGN KEY (`resume_id`) REFERENCES `resumes_resume` (`resume_id`)
) ENGINE=InnoDB AUTO_INCREMENT=129 DEFAULT CHARSET=utf8mb4 COLLATE=utf8mb4_0900_ai_ci;
/*!40101 SET character_set_client = @saved_cs_client */;

--
-- Dumping data for table `match_matching`
--

LOCK TABLES `match_matching` WRITE;
/*!40000 ALTER TABLE `match_matching` DISABLE KEYS */;
INSERT INTO `match_matching` VALUES (1,'进入初筛',6,'自动打分器','2025-06-28 00:00:27.323134','2025-07-03 01:31:45.310350',1,'8be599659cV971a5d7b4b10','已完成','求职者的学历和技能与产品经理岗位有较好的匹配度，但工作经验可能不完全符合要求。','[\'具备数据分析能力，能够为企业提供有效的数据支持和决策依据。\', \'掌握SQL技能，有助于高效地管理和查询数据库，优化产品功能。\', \'具有一定的项目经验和实际操作经验，有助于快速适应产品经理的工作。\', \'具备人工智能和机器学习的知识，有助于开发创新的产品功能。\', \'在北理工的学习经历为他提供了坚实的理论基础，有助于快速理解行业需求。\']','[\'建议积极寻找产品经理相关的实习或兼职机会，以丰富实战经验。\', \'建议多参与产品经理相关的培训课程和讲座，提高对该角色的理解和技能。\', \'建议适当调整期望薪资，使其更符合市场平均水平，以增加面试的成功率。\', \'建议加强咨询经验的描述，特别是在项目中涉及市场调研和策略规划的部分。\', \'建议考虑远程工作或通勤的可能性，以降低因地理位置带来的不确定性。\']','[\'缺乏明确的产品经理相关工作经验，可能需要时间来熟悉该角色的具体职责。\', \'虽然有过项目经验，但具体与产品经理相关的项目经验较少，可能需要进一步积累。\', \'期望薪资较高，可能存在与当前市场平均水平的差距，需要适当调整。\', \'未提及具体的咨询经验，这可能会影响其在市场分析和策略制定方面的表现。\', \'地理位置位于上海，可能需要考虑跨区域工作的可能性。\']'),(2,'进入初筛',6,'自动打分器','2025-06-28 00:00:54.665109','2025-07-03 01:35:50.123884',1,'8ee0936898eaD911c5a794717','已完成','求职者具备一定的售前工程师技能，但缺乏项目经验和具体的工作经验，且未明确学历情况。','[\'具备售前工程师能力，能够为客户提供技术支持和解决方案，符合岗位要求。\', \'工作经验丰富，有3段工作经验，这表明其有一定的工作实践背景。\', \'正在积极寻找工作，显示出求职意愿强烈。\', \'期望的薪资范围与岗位相符，有助于双方达成一致。\', \'期望的岗位与个人技能匹配，具有较高的职业针对性。\']','[\'建议积极获取项目经验，参与更多的实际项目，提高自身的项目管理能力和问题解决能力。\', \'建议准备一份详细的简历，包括具体的工作职责、成果和成就，以便更好地展示自己的能力。\', \'建议考取相关的技术认证，如华为HCIE、思科CCIE等，以增加自身在技术领域的竞争力。\', \'建议主动寻找实习或兼职机会，积累更多实践经验，特别是在售前技术支持方面的经验。\', \'建议通过参加行业论坛、研讨会等活动，拓宽人脉资源，了解行业动态，提高自己的市场敏感度。\']','[\'缺乏项目经验，可能在处理复杂项目时存在不足，影响整体工作效率。\', \'工作经验中没有项目经历，不利于展示其解决问题的实际案例。\', \'未明确学历情况，可能对招聘决策产生一定影响。\', \'没有具体的业绩或成果展示，难以直观体现其专业水平。\', \'未提及任何具体的技能证书或培训经历，可能在专业认证方面有所欠缺。\']'),(3,'未过分数筛选',2,'自动打分器','2025-06-28 00:01:22.001643','2025-07-03 01:36:17.300430',1,'memory','已完成','当前求职者没有提供足够的信息，包括技能和经验，且目前没有明确的求职意向。','[\'暂无劣势信息可供评估\']','[\'建议补充工作经验和个人技能，特别是与岗位相关的技能。\', \'建议补充项目经验，展示个人在实际工作中解决问题的能力。\', \'建议明确求职意向，并寻找适合自己的岗位。\', \'建议提供详细的学历信息，以便更好地评估教育背景是否符合岗位需求。\', \'建议提高对岗位核心要求的理解，并针对性地准备相关材料。\']','[\'缺乏工作经验\', \'缺乏项目经验\', \'缺乏明确的求职意向\', \'学历信息缺失\', \'缺乏相关技能\']'),(4,'进入初筛',7,'自动打分器','2025-06-28 07:43:15.793861','2025-07-03 01:24:29.286926',2,'8be599659cV971a5d7b4b10','已完成','求职者具备一定的机器学习技能和项目经验，且来自985院校，但缺乏直接的相关工作经验。','[\'具备机器学习技能，能够应用先进的机器学习技术解决各种内容理解相关性问题\', \'拥有数据分析能力，能够帮助进行用户、作者、商家行为的理解和分析\', \'来自北京理工大学，该学校在电子信息领域享有较高声誉，可能有助于技术背景的认同\', \'拥有丰富的工作经验，特别是在产品经理岗位上的经历，有助于理解业务需求和技术实现之间的平衡\']','[\'建议提供具体的机器学习项目案例，以证明其实际操作能力\', \'建议参加相关的培训课程或项目实践，强化数据结构和算法知识\', \'建议积极参加行业交流活动，增强对技术的热情和沟通能力\', \'建议撰写一份详细的自我介绍，突出其在产品经理岗位上的经验和如何应用于算法支持工作中\']','[\'缺乏直接的相关工作经验，特别是针对抖音生活服务业务的算法支持经验\', \'虽然具备机器学习技能，但缺乏具体的机器学习项目案例来支撑其能力\', \'虽然毕业于985院校，但在数据结构和算法方面需要进一步加强，以满足岗位要求\', \'未明确提及对技术的热情和良好的沟通表达能力\']'),(6,'未过分数筛选',3,'自动打分器','2025-06-28 07:44:11.979180','2025-07-03 01:28:35.013753',2,'8ee0936898eaD911c5a794717','已完成','求职者当前技能和经验与目标岗位的要求存在较大差距，尤其在学历和专业技能方面。','[\'具备一定的售前技术支持经验，可能在客户沟通和技术解决方案方面有一定优势。\', \'积极寻找工作，表现出较强的职业意愿。\', \'有一定的项目经验和工作经历，有助于快速融入新环境。\']','[\'建议申请更高层次的技术岗位培训课程或自学相关知识，以提升编码能力、数据结构和算法水平。\', \'建议参与或主导一些实际项目，积累相关经验，特别是在机器学习和算法方面的实战经验。\', \'建议加强与技术团队的沟通交流，提高自己的沟通表达能力和团队协作能力。\', \'建议积极参加行业会议和技术论坛，了解最新的技术和行业发展动态，增强对技术的热情。\', \'建议提升个人简历的专业性和针对性，突出自己的相关技能和经验，以便更好地适应目标岗位的要求。\']','[\'学历未达到岗位要求的985院校标准，缺乏相关的专业背景。\', \'没有明确提到具备优秀的编码能力和扎实的数据结构和算法功底。\', \'缺乏机器学习、计算机视觉、自然语言处理、数据挖掘等相关领域的工作经验。\', \'没有项目经验，特别是在算法支持和机器学习方面。\', \'没有展示出对技术的热情以及良好的沟通表达能力和团队精神。\']'),(8,'未过分数筛选',3,'自动打分器','2025-06-28 07:45:08.123043','2025-07-03 01:29:02.372728',2,'memory','已完成','求职者当前处于在职状态且无跳槽打算，同时缺乏相关经验和技能，特别是学历背景和具体技能方面，因此匹配度较低。','[\'具备一定的学习和适应能力，能够快速掌握新的技术和知识。\', \'有强烈的技术热情和解决问题的决心，能够应对具有挑战性的问题。\', \'具有良好的沟通表达能力和团队精神，能够与团队成员有效合作。\']','[\'建议继续深造，争取获得985院校的本科及以上学历，以符合岗位的要求。\', \'建议积极参与相关的实习或项目，积累实际工作经验，尤其是在算法支持、数据处理等方面的经验。\', \'建议学习和掌握机器学习、数据结构和算法等相关技术，提高自身的专业技能。\', \'建议明确职业目标，积极寻找适合自己的岗位，提高求职的针对性和有效性。\', \'建议多参与技术交流和分享活动，增强技术能力和团队协作能力。\']','[\'缺乏本科及以上学历背景，不符合岗位的学历要求。\', \'缺乏相关工作经验，特别是在算法支持、数据分析等方面的经验。\', \'缺乏具体的技术技能，特别是机器学习、数据结构和算法方面的知识。\', \'没有明确的职业目标，目前的求职状态不确定，可能影响到公司的规划和发展。\', \'项目经验不足，缺乏实际操作和实践机会，难以直接应用理论知识解决实际问题。\']'),(10,'未过分数筛选',3,'自动打分器','2025-06-28 14:04:34.732332','2025-07-03 01:17:58.625748',3,'87e2966590ebE931f5f714a19','已完成','该求职者的学历和工作经验不符合岗位要求，且没有提供具体的技能信息，因此初步匹配度较低。','[\'具备在职状态，愿意寻找新的机会，这表明求职者积极进取。\', \'期望的薪资范围较高，表明求职者对自己能力有信心。\', \'具备基金/证券资产管理的期望岗位，表明求职者对该行业有一定的兴趣和了解。\']','[\'建议贾**尽快完成本科学历，以便符合岗位要求。\', \'建议积累更多相关工作经验，如争取在现有工作或通过兼职等方式增加相关经验。\', \'建议增加项目经验，可以参与一些小型项目或实习，积累实战经验。\', \'建议补充个人简历中的技能部分，详细列出自己的专业技能和相关证书。\', \'建议与现有雇主沟通，争取获得一定的灵活度，以便能够在必要时顺利离职加入新公司。\']','[\'缺乏本科及以上学历，不符合岗位要求。\', \'工作经验不足，仅有1段工作经验，未达到3-5年的要求。\', \'缺乏项目经验，无法提供实际操作案例来支持其专业能力。\', \'未提供具体的技能信息，无法判断是否具备相关岗位所需的专业技能。\', \'目前处于在职状态，可能短期内无法离职，这可能会影响岗位的顺利交接。\']'),(11,'未过分数筛选',5,'自动打分器','2025-06-28 14:05:01.452334','2025-07-03 01:18:25.933253',3,'87ed9a6499K91185b714712','已完成','求职者虽然有一定的工作经验和项目经验，但学历和技能信息缺失，且未明确表示是否从事过固定收益业务相关工作。','[\'具备3-5年的行业经验，能够适应固定收益业务的工作环境。\', \'有在职状态，表明求职者在寻找新的职业机会。\', \'期望岗位明确，显示出对固定收益业务的兴趣。\', \'项目经验丰富，有助于解决实际问题和提高团队协作能力。\', \'在上海地区寻求工作机会，表明对当地市场有一定了解。\']','[\'建议提供详细的职业技能和个人项目案例，以便更准确地展示个人能力。\', \'建议进一步澄清是否有固定收益业务相关的经验，或者考虑是否需要额外培训或学习以获得相关资格。\', \'建议更新学历信息，确保符合岗位要求，或者准备相关的学历证明材料。\', \'建议调整期望薪资，使其更加符合市场需求，提高被聘用的机会。\', \'建议增加技能描述，包括但不限于编程语言、金融分析工具等，以增强简历的竞争力。\']','[\'学历不明，可能不符合岗位要求的本科及以上学历。\', \'缺乏具体的技能描述，不清楚其是否具备相关技能。\', \'未明确表示是否有固定收益业务相关的工作经验，这可能会影响其对职位的理解和适应。\', \'期望薪资较高（18-30k×24薪），可能会超出部分企业的预算范围。\', \'技能和项目经验的具体内容不详，难以判断其实际应用能力和深度。\']'),(12,'进入初筛',6,'自动打分器','2025-06-28 14:05:28.207979','2025-07-03 01:18:53.209006',3,'88e09b649debH9a1c507c4611','已完成','求职者的经验和项目背景较为丰富，但学历和技能方面存在不足。当前状态为离职寻找新工作，且岗位要求较高的学历和工作经验。','[\'具备一定的工作经验和项目经验，能够理解并处理复杂的风险管理问题。\', \'有较强的求职意愿和适应性，能够积极面对新的挑战。\', \'有一定的市场敏感度，可以根据公司需求调整自己的职业规划。\']','[\'建议补充本科学历，可以通过在职进修或考取相关证书来提升学历水平。\', \'建议增加相关工作经验，可以通过兼职、实习或参与行业培训等方式积累更多经验。\', \'建议主动学习并掌握岗位所需的技能，如通过在线课程或参加相关研讨会。\']','[\'缺乏本科学历，可能在某些专业技能上存在差距，无法满足岗位的学历要求。\', \'经验不足，只有2-3年的相关工作经验，未达到岗位要求的3-5年。\', \'技能未知，无法评估其是否具备岗位所需的具体技能。\']'),(13,'未过分数筛选',5,'自动打分器','2025-06-28 14:05:54.984543','2025-07-03 01:19:20.424318',3,'88e1926e96X941b587f4912','已完成','求职者目前在职但学历和技能信息不明，工作经验较少，且没有项目经验，与岗位要求有一定差距。','[\'具备一定的在职经验，能够适应职场环境。\', \'当前为在职状态，愿意考虑新的机会，有一定的职业灵活性。\', \'对IT项目管理感兴趣，有意向进入该项目领域发展。\']','[\'建议进一步提升学历或通过在线课程补充所需技能，以满足岗位的学历和技能要求。\', \'建议积极积累更多相关工作经验，特别是在项目管理和技术方面的实践经验。\', \'建议积极参与行业交流活动，了解最新的IT项目管理趋势和技术，提高自身竞争力。\', \'建议调整薪资期望，使其更加符合市场行情，以便于顺利入职。\']','[\'缺乏本科及以上学历背景，不符合岗位的学历要求。\', \'工作经验不足，仅有2段工作经验，未达到3-5年的要求。\', \'缺乏项目经验，无法直接证明其在实际项目中的管理能力和效果。\', \'技能信息为空白，无法判断其是否具备岗位所需的技能。\', \'期望薪资较高，可能超出公司预算范围。\']'),(14,'进入初筛',6,'自动打分器','2025-06-28 14:06:22.332353','2025-07-03 01:19:47.635941',3,'88e2986f94M941f597e4914','已完成','求职者的技能和经验较为符合岗位需求，但学历不足，且没有明确的本科学历。此外，薪资期望可能超出公司预算。','[\'具备机器学习能力，能够应对量化研究岗位的技术挑战。\', \'拥有3段工作经验，表明其在相关领域有一定的积累和实践经验。\', \'项目经验丰富，可能有助于解决实际问题和进行创新。\', \'期望岗位明确，显示出对量化研究的兴趣和热情。\', \'在职状态积极，表明有较强的主动性和职业规划意识。\']','[\'建议提供更详细的学历证明或其他认证，以满足岗位的学历要求。\', \'建议调整薪资期望至更合理的区间，以增加被录用的机会。\', \'建议补充更多的工作经历和项目经验，特别是在量化研究方面的具体贡献和成果。\', \'建议寻求与岗位相关的培训或进一步深造机会，增强金融、数学等领域的知识基础。\', \'建议参与更多与量化研究相关的项目或竞赛，积累实战经验和案例，提高申请竞争力。\']','[\'缺少明确的本科学历，不符合岗位的学历要求。\', \'薪资期望相对较高（22-30k×18薪），可能超出公司的预算范围。\', \'缺乏具体的工作年限和详细的职业背景描述，难以全面了解其专业深度。\', \'没有明确提及是否有金融或数学相关的背景知识，这对量化研究岗位尤为重要。\', \'缺少与岗位直接相关的项目经验，特别是量化研究方面。\']'),(15,'进入初筛',6,'自动打分器','2025-06-28 14:06:49.136297','2025-07-03 01:20:14.775094',3,'88e5976499W941a58794912','已完成','求职者的海外教育背景和CFA证书是亮点，但学历和工作经验方面有待提升。','[\'具备CFA认证，能够提供专业的投资管理知识和技能。\', \'拥有海外教育背景，这可能意味着具有国际化视野和较高的英语水平。\', \'在职状态表明求职者有较强的就业意愿和市场竞争力。\']','[\'建议继续深造获得本科及以上学历，以满足岗位学历要求。\', \'建议增加相关工作经验，可以通过兼职或参与实习项目来积累更多经验。\', \'建议积极寻找相关项目经验的机会，如通过个人项目或志愿者工作来补充实践经验。\', \'建议调整薪资预期，与自身经验和能力相匹配，以提高应聘成功率。\']','[\'缺少本科学历，无法满足岗位的学历要求。\', \'工作年限不足，仅有8段工作经验，未达到岗位要求的3-5年以上相关经验。\', \'缺乏项目经验，这在一定程度上限制了其在资产管理领域的实际操作能力。\', \'期望岗位的薪资要求较高，而目前的工作经验可能难以支撑这一薪资水平。\']'),(16,'进入初筛',7,'自动打分器','2025-06-28 14:07:16.044111','2025-07-03 01:20:42.231479',3,'88e7926897ebI9a1d59794f18','已完成','求职者的技能和经验与岗位要求高度契合，但学历和工作经验方面略有不足。','[\'具备丰富的金融研究经验，能够进行行业研究、量化分析和模型搭建，符合岗位需求。\', \'拥有CFA和FRM认证，表明其在金融领域的专业性和权威性。\', \'擅长数据分析和统计分析，能够为金融研究提供强有力的数据支持。\', \'熟悉量化投资和期货交易，能够在复杂市场环境中做出准确的投资决策。\', \'具备良好的职业状态，目前处于离职状态且正在积极寻找工作机会\']','[\'建议补充完整学历信息，以符合岗位的学历要求。\', \'建议增加工作经验，可以通过参与实习或兼职项目来积累更多的实战经验。\', \'建议主动寻求项目合作或参与开源项目，以丰富自己的项目经历。\', \'建议适当调整薪资期望，以提高求职成功率。\', \'建议优化简历和求职策略，针对金融研究岗位突出自身优势，增加吸引力\']','[\'求职者的学历信息不明确，可能无法满足岗位的本科学历要求。\', \'工作经验较短，仅有1段，距离岗位要求的3-5年以上经验尚有差距。\', \'缺乏项目经验，可能在实际操作中缺乏一定的复杂问题解决能力。\', \'薪资期望较高，可能需要进一步调整以适应当前市场情况。\', \'目前尚未找到合适的工作岗位，可能需要进一步优化简历和求职策略\']'),(17,'进入初筛',6,'自动打分器','2025-06-28 14:07:43.064736','2025-07-03 01:21:09.430606',3,'88ee966992H94165f7b4d12','已完成','求职者的技能和部分经验符合岗位要求，但学历和工作经验不足。','[\'具备量化分析能力，能够为岗位提供有效的数据支持。\', \'擅长数据统计分析，有助于岗位所需的数据处理工作。\', \'拥有一定的项目经验，能够在实际工作中应用所学知识。\', \'期望岗位与自身技能匹配，有较强的工作动机。\', \'在职状态，可以立即上岗，减少招聘周期\']','[\'建议补充学历证明，以提高应聘成功率。\', \'建议增加工作经验，通过兼职或短期项目积累更多相关经验。\', \'建议详细描述过往项目经验，特别是与量化研究相关的项目，以展示其能力。\', \'建议了解并熟练掌握常用的数据分析工具和技术，如Python、R等，以增强竞争力。\', \'建议明确自己的薪资预期，以便进行更有效的薪资谈判\']','[\'学历未知，可能不符合岗位要求的本科及以上学历。\', \'工作经验不足，仅具有2段工作经验，未达到岗位要求的3-5年。\', \'缺乏量化研究的具体项目经验，可能在岗位初期面临挑战。\', \'未明确说明是否熟悉相关软件或工具，如Python、R等。\', \'未提供具体薪资要求，可能影响谈判空间\']'),(18,'进入初筛',6,'自动打分器','2025-06-28 14:08:10.159844','2025-07-03 01:21:36.568445',3,'89e1926497H9a1b58794e16','已完成','求职者的技能和经验部分符合岗位要求，但学历和工作经验存在不足。','[\'具备行业研究能力，能够胜任岗位职责中的行业分析任务。\', \'拥有证券分析师背景，能够提供专业的市场分析和策略建议。\', \'有4段工作经验，表明有一定的职场经验和适应性。\', \'项目经验丰富，能够有效完成复杂的分析任务。\', \'期望在上海工作，与岗位地点相符，便于入职后的工作开展。\']','[\'建议补充学历背景，可以通过提供学位证书或相关证明来增强个人简历的可信度。\', \'建议增加工作经验，可以考虑通过继续教育或兼职方式获取更多相关经验，以达到岗位要求。\', \'建议积极参加行业相关的项目或活动，积累更多的实战经验，并在简历中突出这些经验。\', \'建议主动了解金融行业的最新动态和发展趋势，提升自己在特定领域内的专业性。\', \'建议制定一个合理的离职计划，确保在不影响当前工作的情况下顺利过渡到新的岗位。\']','[\'学历未明确，缺乏本科及以上学历背景，可能会影响雇主的信任。\', \'工作经验略低于岗位要求，仅有4年的经验，距离3-5年有一定差距。\', \'缺少具体项目案例，使得其在面试中可能无法充分展示自己的实际能力。\', \'未明确提及有金融行业的从业经历，这可能影响其在特定领域的专业性。\', \'目前在职状态，可能需要考虑离职时间安排，以避免影响新公司的招聘进度。\']'),(19,'进入初筛',6,'自动打分器','2025-06-28 14:08:37.050399','2025-07-03 01:22:04.021771',3,'89e7926394F9a1d59784817','已完成','求职者拥有5段工作经验，符合岗位的经验要求；但学历和具体技能尚未明确，且期望薪资较高，需要进一步了解。','[\'具备丰富的工作经验，能够在短时间内适应并胜任新的岗位职责。\', \'拥有一定的项目经验，能够参与并推动项目的顺利进行。\', \'目前处于在职状态，且正在积极寻找新的工作机会，表现出较强的职业积极性。\']','[\'建议提供详细的学历证明，确保满足岗位的学历要求。\', \'建议列举具体的技能，特别是与ERP实施顾问相关的技能，以便更好地展示自己的专业能力。\', \'建议调整期望薪资范围，使其更符合市场实际情况，增加面试成功的可能性。\']','[\'学历信息未明，不清楚是否达到岗位的本科要求。\', \'具体技能未列出，无法确定其是否具备与岗位相关的专业技能。\', \'期望薪资为18-25k×12薪，高于当前市场平均水平，可能会影响双方达成一致的可能性。\']'),(20,'进入初筛',6,'自动打分器','2025-06-28 14:09:03.940909','2025-07-03 01:22:31.200848',3,'89ee956c98B9a16507a4718','已完成','求职者的经验和求职状态较为符合岗位的要求，但缺乏明确的学历和技能描述，以及具体的Java开发经验。','[\'具备4段工作经验，能够处理多样化的任务和挑战。\', \'有1段项目经验，表明具备一定的实际操作经验。\', \'正在寻找新的工作机会，表现出积极的态度和职业发展潜力。\']','[\'建议补充学历信息，确保符合岗位的学历要求。\', \'建议详细列出具体的技能，特别是Java相关的技术栈和项目经验。\', \'建议积累更多的项目经验和案例，特别是在Java开发方面的经验，以便更好地展示自己的能力和成就。\', \'建议更新简历，突出自己在过去4年中的具体成就和技能，提高求职成功率。\']','[\'缺乏明确的学历描述，可能不符合岗位的本科学历要求。\', \'未提供具体的技能描述，尤其是Java相关的技能。\', \'缺乏3-5年以上的相关经验，目前只有4年的经验，且未明确指出是Java开发经验。\', \'未提及具体的项目经验或成就，无法明确了解其在项目中的角色和贡献。\']'),(21,'进入初筛',6,'自动打分器','2025-06-28 14:09:31.045917','2025-07-03 01:22:58.494561',3,'8be09c679bQ971c5b7c4b14','已完成','求职者的技能和部分经验符合岗位要求，但学历和具体的行业经验不足。','[\'具备风险管理能力，能够帮助企业进行有效的风险控制和管理。\', \'拥有CFA和FRM认证，表明其在金融领域的专业知识较为扎实。\', \'有一定的工作经验和项目经验，能够提供实际的工作案例支持。\', \'急寻新工作的心态积极，有助于快速适应新的工作环境。\', \'熟悉量化研究相关的知识和技能，能够进行数据分析和策略研究。\']','[\'建议进一步提升学历至本科及以上，以增强其专业背景的完整性和系统性。\', \'建议增加在量化研究领域的实际工作经验，可以考虑兼职或短期项目来积累相关经验。\', \'建议积极参与金融行业的培训和研讨会，提高在量化研究领域的实践能力和理论水平。\', \'建议优化简历中的项目经验描述，突出自己在风险管理、CFA和FRM方面的能力和应用实例。\', \'建议明确自己的职业目标和发展方向，以便更好地匹配公司的需求和预期。\']','[\'学历未知，但岗位要求本科学历，可能影响其专业背景的完整性和系统性。\', \'缺乏3-5年以上相关经验，尤其是在量化研究领域。\', \'缺少明确的金融行业从业经验，特别是在量化研究的具体项目中。\', \'未明确提及薪酬和地点方面的期望是否匹配，可能存在不完全吻合的情况。\', \'项目经验相对较少，未能详细展示其在量化研究方面的深度参与。\']'),(22,'未过分数筛选',5,'自动打分器','2025-06-28 14:09:57.828716','2025-07-03 01:23:25.731252',3,'8be193669eeeN921b5a7f4a10','已完成','罗**目前在职且暂无跳槽打算，这可能影响其快速入职。学历和技能信息缺失，工作经验虽有但未具体说明是否符合Golang开发要求。','[\'具备4段工作经验，能够提供丰富的行业背景支持。\', \'拥有1段项目经验，说明有一定的实际操作能力。\', \'期望薪资范围在14-22k×14薪，符合市场标准，显示了合理的薪酬预期。\', \'如果罗**能够明确其Golang开发技能，将更加符合该岗位要求。\', \'如果罗**能够提供更多关于学历的具体信息，可以更好地证明其教育背景是否满足岗位要求。\']','[\'建议罗**尽快更新简历，提供详细的学历和技能描述，特别是在Golang开发方面的经验。\', \'建议罗**积极参加Golang相关的培训或认证考试，提高自己的专业技能水平。\', \'建议罗**主动联系招聘方，解释自己目前的工作情况和离职意向，争取尽快获得面试机会。\', \'建议罗**在现有工作中寻找机会参与到Golang项目的开发中，积累相关经验。\', \'建议罗**考虑考取相关的技术证书，如Golang开发者认证，增加自身的竞争力。\']','[\'缺乏明确的学历信息，无法确定是否达到本科及以上学历要求。\', \'技能信息缺失，无法判断其是否具备Golang开发能力。\', \'工作经验虽多，但未详细说明是否包含相关的技术开发经验，特别是Golang开发经验。\', \'目前在职状态，可能需要一段时间才能转换工作角色。\', \'未提及是否有相关领域的证书或认证，如Golang开发者认证等。\']'),(23,'进入初筛',6,'自动打分器','2025-06-28 14:10:24.640837','2025-07-03 01:23:52.959461',3,'8be194689eG971b5c7c4e14','已完成','求职者具备一定的编程技能，但学历和项目经验不足，且没有明确的项目经验。','[\'具备C++和Python技能，能够胜任Python开发工作\', \'有4段工作经验，表明有一定的行业积累\', \'期望薪资符合市场行情，表明求职动机明确\']','[\'建议补充项目经验，例如参与开源项目或个人项目，提高实战能力\', \'建议获取更高学历，参加相关课程或自学提升学历水平\', \'建议积极寻找并参与实际项目，增强实际工作中的应用能力\']','[\'学历未知，可能不符合岗位要求的本科及以上学历\', \'缺乏项目经验，特别是项目经验不足会影响实际工作中的应用能力\', \'无项目经验，无法证明其在实际项目中的能力和贡献\']'),(24,'进入初筛',7,'自动打分器','2025-06-28 14:10:51.514045','2025-07-03 01:24:20.149065',3,'8be599659cV971a5d7b4b10','已完成','求职者的学历和技能符合岗位要求，但工作经验不足，且期望薪资较高。','[\'具备数据分析能力，能够处理复杂的数据问题\', \'熟悉SQL，能够有效地进行数据查询和管理\', \'拥有项目经验，能够提供实际操作案例支持\', \'具备人工智能和机器学习的基础知识，有助于产品功能设计\', \'期望岗位与个人技能匹配度较高\']','[\'建议积累产品经理相关经验，通过参加培训、实习或兼职等方式弥补经验空白\', \'调整期望薪资，使其更加符合市场行情，提高职位获取的可能性\', \'加强在咨询领域的学习和实践，丰富相关背景知识\', \'积极拓展在上海地区的行业人脉和资源，提高对当地市场的了解和适应能力\', \'撰写更具说服力的求职信，突出个人的优势和潜力，增加面试成功的可能性\']','[\'缺乏产品经理的相关经验，可能在产品规划和管理方面存在不足\', \'工作经验不足，仅有5段工作经验，未达到岗位要求的3-5年以上经验\', \'期望薪资较高，可能超出公司预算范围\', \'未明确指出对咨询领域的深入了解，可能影响岗位职责的全面执行\', \'缺乏上海地区的行业经验或资源网络，可能在适应当地市场方面有难度\']'),(25,'未过分数筛选',3,'自动打分器','2025-06-28 14:11:18.323710','2025-07-03 01:24:47.335096',3,'8be59a649ee7C921a5b7c4c13','已完成','学历不明确，且未达到岗位要求的本科学历；工作经验虽有5段但无具体信息，无法判断是否符合岗位要求；职位期望可能与实际能力不匹配。','[\'具备多段工作经验，能够积累行业经验\', \'在职状态表明有较强的事业心和进取心\', \'寻找新机会说明愿意接受新的挑战\']','[\'建议提供详细的教育背景信息，以证明是否具备本科学历\', \'建议列出具体的技能和专业领域，以便评估是否符合岗位要求\', \'建议补充详细的工作经验和项目经历，特别是证券交易员相关的经验，以增强申请竞争力\']','[\'学历未明确，无法确认是否达到岗位要求的本科及以上学历\', \'无具体技能描述，无法评估是否具备岗位所需的专业技能\', \'工作经验没有详细信息，不清楚是否具备3-5年的相关经验\']'),(26,'未过分数筛选',5,'自动打分器','2025-06-28 14:11:45.141430','2025-07-03 01:25:14.505175',3,'8be7996395e7L921d5d7a4d16','已完成','求职者的在职状态和多段工作经验表明有一定的行业积累，但学历和技能信息缺失，且期望薪资较高，可能需要进一步确认。','[\'具备4段工作经验，能够应对较为复杂的工作环境\', \'拥有2段项目经验，有助于快速融入团队并承担更多责任\', \'处于在职状态，愿意寻求新的职业发展机会\']','[\'建议提供详细学历证明，以增加可信度\', \'补充具体的技能信息，以便展示自己的技术实力\', \'考虑调整期望薪资，使其更符合市场水平，提高面试通过率\']','[\'缺乏明确的学历信息，可能影响雇主对其专业背景的信任\', \'技能信息为空白，无法判断是否具备岗位所需的技术能力\', \'期望薪资23-26k×13薪相对较高，可能超出公司预算范围\']'),(27,'进入初筛',6,'自动打分器','2025-06-28 14:12:11.937294','2025-07-03 01:25:41.757109',3,'8be79f6a9aO971d5e784b14','已完成','该求职者具备一定的技能和经验，但学历和期望薪资可能不符合岗位要求。','[\'具备资产配置能力，能够有效进行投资组合管理。\', \'掌握编程技能，有助于进行量化分析和策略开发。\', \'拥有FOF相关经验，有助于管理多种资产类别。\', \'有多段工作经验，证明其在资产管理领域的持续学习和发展。\', \'项目经验丰富，能够处理复杂的资产管理任务。\']','[\'建议完善个人简历中的学历部分，确保符合岗位要求。\', \'建议调整期望薪资至更为合理的价格区间，以便更好地与市场接轨。\', \'建议积极拓展在上海地区的工作经验，增加对该地区的了解和适应性。\', \'建议主动寻求跳槽机会，展现积极的职业态度。\', \'建议详细描述项目经历中的具体资产管理案例，突出个人贡献。\']','[\'学历未知，可能不符合岗位要求的本科及以上学历。\', \'期望薪资为25-35k×24薪，可能高于该岗位通常的薪资范围。\', \'缺乏明确的在上海的工作经历，可能影响对当地市场的熟悉程度。\', \'目前在职，且暂无跳槽打算，可能需要转换职业态度以适应新的工作环境。\', \'项目经验中未详细提及具体的资产管理项目，难以评估其实际贡献。\']'),(28,'进入初筛',7,'自动打分器','2025-06-28 14:12:38.725951','2025-07-03 01:26:09.114589',3,'8be89a6992K971e5c7c4f16','已完成','求职者的技能和经验较为丰富，但学历未明确显示，且职位名称为数据分析师，可能更适合具有统计学或计算机科学背景的人。','[\'具备python和sql技能，能够高效地处理和分析大量数据。\', \'拥有机器学习和深度学习的经验，可以应用于数据分析中，提高模型的准确性。\', \'丰富的项目经验有助于在实际工作中快速上手并解决复杂问题。\', \'急寻新工作表明求职者积极主动，愿意接受新的挑战。\', \'期望薪资与当前市场水平相符，表明合理的职业规划意识。\']','[\'建议提供正式的学历证明，以便雇主更好地了解你的教育背景。\', \'建议参加统计学相关的培训课程，增强统计分析能力，以更好地适应数据分析师的岗位要求。\', \'建议整理并详细描述过往项目经验，特别是那些与数据分析师职责相关的经历，以便更清晰地展示你的能力。\', \'考虑获取一些行业认可的证书，如IBM SPSS Statistics认证、Tableau认证等，以增加自身的竞争力。\', \'建议积极寻找与数据分析师相关的实习或兼职机会，积累相关经验，提高岗位匹配度。\']','[\'学历不明，可能会影响雇主对求职者专业能力和学术背景的信任。\', \'缺乏明确的数据分析师相关工作经验，尤其是统计学知识。\', \'职位名称为数据分析师，而求职者目前的工作经验可能更多偏向于技术开发，而非数据分析。\', \'缺少相关领域的认证或奖项，可能会削弱求职者的竞争力。\', \'虽然经验丰富，但具体项目细节不详，难以全面评估其实际能力。\']'),(29,'进入初筛',6,'自动打分器','2025-06-28 14:13:05.491056','2025-07-03 01:26:36.296266',3,'8bed956597H9718507a4e16','已完成','求职者具备一定的编程技能和项目经验，但学历和工作经验未达到岗位要求。','[\'具备python和c++技能，能够满足岗位技术要求\', \'拥有2段项目经验，有助于快速适应新的开发任务\', \'离职状态，可能更愿意接受新的挑战\', \'期望岗位明确，目标定位准确\']','[\'建议进一步提升学历至本科或以上，通过继续教育或在线课程来增强背景\', \'建议积累更多相关工作经验，尝试寻找能够提供3-5年经验机会的工作\', \'建议增加团队协作和项目管理的经验，参加相关的培训或活动\', \'建议积极寻找在上海地区的机会，利用网络资源建立当地人脉\']','[\'学历未达到本科要求，可能在某些方面受限\', \'工作经验不足，仅有2年的相关经验，未达到3-5年的要求\', \'未明确提到团队协作或项目管理的经验\', \'缺少在上海地区的本地工作经验或资源\']'),(30,'进入初筛',6,'自动打分器','2025-06-28 14:13:32.276580','2025-07-03 01:27:03.579631',3,'8bee9d6693Y97165e784a12','已完成','求职者具备一定的技能和经验，但在学历和工作经验方面存在不足，需要进一步提升。','[\'具备证券分析和量化分析能力，能够支持金融研究工作。\', \'期望薪资符合市场水平，表明其职业规划合理。\', \'正在寻找新的发展机会，积极主动。\', \'拥有相关技能，能够快速上手工作。\', \'期望在上海工作，有利于公司的人才引入和团队建设。\']','[\'建议继续提高学历至本科及以上，以便更好地胜任该职位。\', \'建议增加项目经验，通过参与或主导一些项目来丰富自己的简历。\', \'建议加强与当前雇主的沟通，争取灵活的工作安排或离职时间，以便更顺利地转岗。\', \'建议调整期望薪资至市场平均水平，以提高录用的可能性。\', \'建议积极参加相关的培训课程或考试，提升自身技能，如CFA、FRM等金融专业资格证。\']','[\'学历未明确，但至少需要本科学历才能满足岗位要求。\', \'缺乏项目经验，可能在实际操作中会有些不适应。\', \'工作经验不足，仅有1段工作经验，3-5年的经验要求可能难以满足。\', \'当前处于在职状态，可能需要调整工作时间或进行离职谈判。\', \'期望薪资高于市场平均水平，可能会影响最终录用决策。\']'),(31,'未过分数筛选',4,'自动打分器','2025-06-28 14:13:59.046745','2025-07-03 01:27:30.768294',3,'8ce79d6697e7R971d5e7f4819','已完成','求职者的学历和工作经验符合部分要求，但在技能和具体经验方面存在不足。','[\'求职者有4段工作经验，这表明他有一定的行业背景和职业稳定性。\', \'求职者当前处于在职状态，且正在寻找新的机会，显示其积极寻求职业发展。\', \'期望薪资与市场平均水平相符，显示出对自身价值的认知较为合理。\']','[\'建议提供具体的量化研究技能和经验，例如参加过相关的项目或者拥有相关的证书，以增强申请竞争力。\', \'建议进一步完善个人简历中的学历部分，确保符合岗位的最低要求。\', \'建议增加项目经验，参与或主导一些相关项目，通过实践提升量化研究的能力。\', \'建议明确具体的工作地点要求，如果条件允许，可以考虑接受其他城市的职位。\']','[\'求职者学历未明确，本科及以上学历是硬性要求，可能不符合岗位标准。\', \'求职者缺乏量化研究的具体经验和技能，无法直接满足岗位的核心需求。\', \'求职者的项目经验为0段，缺乏实际项目操作的经验。\', \'求职者期望在上海工作，但具体的工作地点要求尚未明确。\']'),(32,'未过分数筛选',4,'自动打分器','2025-06-28 14:14:25.824983','2025-07-03 01:27:57.974760',3,'8ce9956d9ae9C9717517e4b15','已完成','虽然求职者的技能和工作经验符合部分岗位要求，但学历和具体的岗位需求不完全匹配。','[\'具备数据分析能力，能够帮助企业进行数据驱动的决策\', \'有3段工作经验，有一定的职场经验积累\', \'目前在职，且在寻找新的职业机会，表明其职业态度积极\']','[\'建议进一步提升学历，参加相应的学历提升课程或考试，以达到岗位的学历要求\', \'建议积极获取项目经验，可以通过参与公司内部项目、开源项目等方式丰富简历\', \'建议调整期望岗位至更匹配自身背景的岗位，如数据分析师、数据工程师等\']','[\'学历未知，且未达到岗位要求的本科及以上学历标准\', \'缺乏项目经验，无法展示其在实际项目中的应用能力\', \'期望岗位是证券交易员，而求职者的技能和背景更适合数据分析岗位\']'),(33,'进入初筛',6,'自动打分器','2025-06-28 14:14:52.621303','2025-07-03 01:28:25.174831',3,'8ee0936898eaD911c5a794717','已完成','求职者具备售前工程师技能，但学历和工作经验不完全符合岗位要求。','[\'具备售前工程师能力，能够提供技术解决方案，帮助客户理解产品和技术。\', \'拥有3段工作经验，能够为客户提供有效的技术支持。\', \'期望岗位与个人技能吻合，有明确的职业目标。\', \'离职状态表明其职业态度积极，愿意接受新的挑战。\', \'能够接受20-35k×12薪，表明薪酬期望合理。\']','[\'建议补充学历证明，确保符合岗位的学历要求。\', \'建议增加项目经验，可以参加或发起一些项目，积累实际操作经验。\', \'建议加强专业知识的学习，提高技术水平，以便更好地应对复杂的技术问题。\', \'建议调整期望的地理位置，考虑到生活成本和工作环境的平衡。\', \'建议准备一份详细的简历，突出自己的技能和过往经历，增强竞争力。\']','[\'学历未明确，可能无法满足本科及以上学历要求。\', \'缺乏项目经验，可能在实际操作中遇到一些复杂问题时应对不足。\', \'工作经验虽然满足3-5年的要求，但需要进一步验证是否完全符合岗位需求。\', \'目前处于离职状态，可能需要一段时间重新进入工作状态。\', \'上海地区的期望可能需要考虑通勤成本和生活成本。\']'),(34,'未过分数筛选',0,'自动打分器','2025-06-28 14:15:19.363213','2025-07-03 01:28:52.605817',3,'memory','已完成','求职者mango目前学历、技能和经验均不符合岗位要求，且未明确表达出对该岗位的兴趣。','[]','[\'建议参加相关的专业培训或进修课程，以获得本科学历或提升现有技能水平\', \'建议积极寻找并积累相关的工作经验，可以通过实习、兼职等方式增加实战经验\', \'建议更新简历，展示个人技能和成就，以便更好地吸引招聘者的注意\', \'建议主动表达对目标岗位的兴趣，并愿意接受新的职业挑战\', \'建议定期更新自己的求职状态，表明自己有开放的心态去考虑新的机会\']','[\'缺乏本科学历，无法满足岗位的学历要求\', \'缺乏相关工作经验，无法满足岗位的经验要求\', \'未提供任何技能信息，无法判断其是否具备岗位所需的专业技能\', \'目前处于在职状态，暂时没有跳槽的意愿，可能无法接受新岗位带来的挑战\', \'没有明确表达出对当前目标岗位的兴趣，可能不利于进一步的职业发展\']'),(35,'未过分数筛选',4,'自动打分器','2025-06-29 02:18:23.409633','2025-07-03 01:25:24.278155',1,'87e2966590ebE931f5f714a19','已完成','求职者为在职人员，具有一定的工作经验，但缺乏直接的相关经验和技能。因此，初步匹配度较低。','[\'具备在职经验，能够较快适应新的工作环境和角色。\', \'积极寻找新的职业机会，表明有较强的职业发展意识。\', \'期望薪资范围符合市场水平，表明对未来发展的合理预期。\', \'对基金/证券资产管理领域感兴趣，表明有一定的职业规划意识。\']','[\'建议参加相关培训课程或考取相关证书，如CFA、基金从业资格证等，以增强专业技能。\', \'建议积累项目经验，可以通过实习或兼职方式参与到相关的金融项目中。\', \'建议完善个人简历，补充学历信息及现有的职业技能，增加可信度。\', \'建议积极寻求导师或行业专家的帮助，了解行业动态和职业发展方向。\', \'建议加强人际网络建设，通过参加行业交流会或研讨会等方式拓宽人脉。\']','[\'缺乏相关工作经验，无法直接胜任基金/证券资产管理岗位的要求。\', \'缺乏项目经验，可能在实际操作中面临挑战。\', \'目前学历不明，可能影响招聘方对其专业能力的信任。\', \'技能空白，需要进一步学习和提高相关技能。\', \'未提供具体技能或证书证明，难以证明其专业背景。\']'),(36,'未过分数筛选',3,'自动打分器','2025-06-29 02:18:23.409850','2025-07-03 01:18:07.940242',2,'87e2966590ebE931f5f714a19','已完成','求职者当前学历未知，工作经验较少且没有项目经验，不符合岗位要求的985院校背景和工作经验。','[\'具备编码能力和数据分析基础，能够应对技术挑战。\', \'对技术有热情，表现出积极的态度。\', \'愿意探索新的商业模式和技术应用场景。\', \'具备良好的沟通表达能力和团队合作精神。\']','[\'建议进一步完善简历，明确学历背景和专业技能，特别是在机器学习、数据挖掘等领域。\', \'建议寻找相关的实习或兼职机会，积累实际工作经验。\', \'建议参加相关的培训课程或认证考试，如机器学习课程、Python编程等，以增强技术能力。\', \'建议尝试联系目标公司的内部员工或HR，了解公司文化和招聘流程，以便更好地准备面试。\', \'建议积极参加行业内的技术交流活动，扩大人脉资源，增加了解行业的深度和广度。\']','[\'学历要求为985院校，求职者学历未知，可能不符合岗位要求。\', \'缺乏实际工作经验，特别是项目经验，可能在实际工作中面临挑战。\', \'没有明确展示出对机器学习、计算机视觉、自然语言处理、数据挖掘等领域的了解和经验。\', \'未提供具体的技能证明，如编程语言、工具使用等。\', \'工作经验仅有一段，且是基金/证券资产管理行业，与目标岗位需求不匹配。\']'),(37,'未过分数筛选',5,'自动打分器','2025-06-29 02:18:23.411715','2025-07-03 01:25:51.456925',1,'87ed9a6499K91185b714712','已完成','求职者的经验和项目经验较为丰富，但缺乏明确的技能和学历背景，以及具体的固定收益业务相关经验。','[\'具备一定的工作经验，能够快速适应新的工作环境。\', \'项目经验丰富，有助于快速融入项目团队。\', \'目前在职状态，愿意寻找新的发展机会，具备较高的积极性。\', \'期望薪资在合理范围内，符合市场水平。\', \'有意向在上海工作，地理位置合适。\']','[\'建议参加相关技能培训课程，以提高固定收益业务的专业知识。\', \'建议获取相关的技能证书或认证，如CFA、FRM等，以增强竞争力。\', \'建议积极寻找实习或兼职机会，积累固定收益业务的经验。\', \'建议主动向潜在雇主提供更多的个人信息和背景资料，增强信任感。\', \'建议通过阅读行业报告和参与行业研讨会，深入了解固定收益业务的相关知识。\']','[\'缺乏明确的技能背景，可能需要进一步提高相关技能。\', \'学历不明，可能影响雇主对其专业能力的信任。\', \'缺乏固定收益业务相关的经验，可能需要进行额外培训或学习。\', \'缺少具体的固定收益产品知识，可能会影响工作效率。\', \'没有明确的技能证书或认证，可能在竞争中处于劣势。\']'),(38,'未过分数筛选',4,'自动打分器','2025-06-29 02:18:23.411705','2025-07-03 01:18:35.124528',2,'87ed9a6499K91185b714712','已完成','当前求职者的信息不足以完全匹配岗位要求，尤其是学历和技能方面存在不确定性。但其在职经验和项目经验可能有助于其在特定领域内快速上手。','[\'具备一定的工作经验，能够理解并参与复杂项目的实施与优化。\', \'有项目经验，表明其具备实际操作能力和解决问题的能力。\', \'正在寻求新的机会，显示出较强的职业进取心。\', \'有一定的技术热情，这将有助于其在面对挑战时保持积极态度。\', \'对固定收益业务有一定了解，这可能对其理解某些算法应用场景有所帮助。\']','[\'建议进一步完善简历，明确自己的学历背景，并补充具体的技能和项目经验，特别是与机器学习和算法开发相关的经历。\', \'建议参加相关的在线课程或培训，提升自己的编码能力、数据结构和算法功底，以及对机器学习的理解和应用能力。\', \'建议多参与开源项目或实习项目，积累实践经验，特别是在内容理解和推荐系统等方面的经验。\', \'建议增强自己的沟通表达能力，通过参与技术交流会、技术博客写作等方式提高。\', \'建议关注抖音生活服务业务的发展动态，了解其算法支持的具体需求，以便更好地定位自己的职业发展方向。\']','[\'学历未明确，985院校要求无法满足。\', \'技能方面未提供具体信息，无法判断是否具备优秀的编码能力、扎实的数据结构和算法功底。\', \'缺乏直接的相关行业经验，如抖音生活服务、机器学习、计算机视觉等领域的实践经验。\', \'未明确提到对技术的热情和良好的沟通表达能力。\', \'项目经验较少，特别是在机器学习和算法开发方面的项目经验不足。\']'),(39,'进入初筛',6,'自动打分器','2025-06-29 02:18:23.413666','2025-07-03 01:26:18.676055',1,'88e09b649debH9a1c507c4611','已完成','求职者的经验和项目经历较为丰富，但缺乏直接的相关技能和学历背景，且目前处于离职状态，正在寻找新工作。','[\'具备2段工作经验和2段项目经验，能够为公司带来一定的实战经验。\', \'期望岗位与当前职位匹配度高，表明求职者有明确的职业规划。\', \'正在寻找新工作的状态，显示出积极主动的态度。\', \'有相关岗位的经验，表明求职者对风险管理领域有一定的了解和兴趣。\', \'熟悉工作地点为上海，可以减少搬迁成本和适应时间。\']','[\'建议补充相关技能培训，特别是风险管理/控制的专业课程或证书，以增强竞争力。\', \'建议提供详细的学历背景信息，通过在线平台或其他方式证明自己的学术水平。\', \'建议加强自我介绍，突出过往项目中涉及的风险管理相关经验，增强与岗位的匹配度。\', \'建议保持与潜在雇主的沟通，明确表达自己的职业规划和发展潜力。\', \'建议参加行业交流活动，拓展人脉资源，增加获得面试机会的机会。\']','[\'缺乏直接相关的技能，如风险管理/控制的具体技能，可能影响入职后的快速上手。\', \'学历背景不明，可能在一定程度上影响公司的信任度。\', \'目前处于离职状态，这可能会让雇主担心其稳定性或职业忠诚度。\', \'没有明确提到具体的技能要求，例如数据分析、风险评估等专业技能。\', \'缺少正式的教育背景证明，可能会影响雇主对其能力的信心。\']'),(40,'进入初筛',6,'自动打分器','2025-06-29 02:18:23.413658','2025-07-03 01:19:02.307513',2,'88e09b649debH9a1c507c4611','已完成','李**虽然有一定的工作经验和项目经验，但目前缺乏明确的机器学习、计算机视觉、自然语言处理或数据挖掘领域的技能和经验，且学历未达到985的要求。','[\'具备一定的工作经验和项目经验，能够理解并分析复杂的问题并提出解决方案。\', \'具有较强的学习能力和适应能力，可以在短时间内掌握新的技术和知识。\', \'拥有良好的沟通表达能力和团队合作精神，有助于团队协作和项目推进。\']','[\'建议加强在机器学习、计算机视觉、自然语言处理或数据挖掘领域的能力培养，通过在线课程或自学提升相关技能。\', \'建议提升学历水平，通过进修等方式达到985院校的标准，增加竞争优势。\', \'建议积极寻找实习或兼职机会，积累相关领域的实际工作经验，以增强简历竞争力。\']','[\'缺乏985学历背景，这可能会影响招聘方的初步筛选。\', \'没有明确的机器学习、计算机视觉、自然语言处理或数据挖掘领域的技能和经验，无法直接应用于岗位职责。\', \'目前处于离职状态，正在找工作，可能会给公司带来一定的不确定性。\']'),(41,'未过分数筛选',4,'自动打分器','2025-06-29 02:18:23.415419','2025-07-03 01:26:45.855542',1,'88e1926e96X941b587f4912','已完成','求职者工作经验不足且缺乏项目经验，但目前处于在职状态，有意向寻找新的工作机会。','[\'具备一定的在职经验，能够适应工作环境并逐步积累相关技能。\', \'求职者对新机会持开放态度，可能较快适应新的工作角色。\', \'期望薪资与岗位薪资范围较为接近，符合岗位要求。\', \'目前的工作状态可以为新岗位提供全职投入的可能性。\', \'拥有较高的学历要求的灵活性，可以接受不限制的学历背景。\']','[\'建议参加项目管理相关的培训课程，提升自身在项目规划、执行和控制方面的专业能力。\', \'建议积极寻求实习机会或参与公司内部项目，积累实际工作经验。\', \'建议制定详细的职业发展规划，明确短期和长期目标。\', \'建议主动联系行业内的专业人士进行交流和学习，了解行业动态和发展趋势。\', \'建议利用业余时间阅读相关书籍和文献，增强理论知识和实践经验相结合的能力。\']','[\'缺乏项目管理经验，无法直接胜任IT项目管理岗位的要求。\', \'工作经验较少，可能在处理复杂项目时遇到挑战。\', \'缺乏应届毕业生所需的相关行业背景或实习经历。\', \'没有项目经验，难以展现实际操作能力和解决问题的能力。\', \'尚未建立职业发展路径，可能对长期职业规划不够明确。\']'),(42,'未过分数筛选',2,'自动打分器','2025-06-29 02:18:23.415421','2025-07-03 01:19:29.480902',2,'88e1926e96X941b587f4912','已完成','求职者目前处于在职状态，且无项目经验。尽管有一定的工作经验，但缺乏相关技术背景及行业经验，难以胜任算法工程师的岗位职责。','[\'有2年的职场经验，具备一定的职业素养和发展潜力\', \'愿意寻找新的职业机会，表现出积极主动的态度\']','[\'建议提供详细的学习经历，以证明其具备985院校背景\', \'建议补充项目经验，通过案例展示其技术能力和实践经验\', \'建议加强技术技能的学习和实践，特别是在机器学习、数据结构和算法方面，以提升其专业能力\']','[\'学历背景不明，对985高校的要求难以达到\', \'缺少项目经验，无法证明其技术实力和实际操作能力\', \'没有提及任何相关的技能或经验，特别是缺乏对算法和机器学习的理解\']'),(43,'进入初筛',7,'自动打分器','2025-06-29 02:18:23.417368','2025-07-03 01:27:13.031170',1,'88e2986f94M941f597e4914','已完成','求职者具备一定的技能和经验，但学历信息缺失，且具体项目经验不详。总体来看，求职者有潜力胜任该岗位。','[\'具备机器学习能力，能够支持量化研究工作。\', \'拥有3段工作经验和2段项目经验，表明有一定的实战经验。\', \'期望薪资符合市场平均水平，表现出对职业发展的积极态度。\', \'在上海地区寻找新机会，表明对该地区的就业环境有一定了解。\', \'应届生相关经验可以弥补某些具体项目的不足，快速适应新环境。\', \'\']','[\'建议补充完整的教育背景，尤其是学历信息，以便更全面地展示自己的资质。\', \'建议详细描述过往项目经历及成果，特别是与量化研究相关的案例，增加说服力。\', \'建议参加相关学术会议或获取专业认证，提升理论深度和专业素养。\', \'建议多了解金融行业的基本知识和业务流程，为进入量化研究领域做准备。\', \'建议整理并总结个人在机器学习领域的研究成果或实践案例，增强简历的吸引力。\', \'\']','[\'学历信息缺失，无法判断是否达到岗位要求的最低标准。\', \'具体项目经验和成果描述不够详细，难以评估其在量化研究领域的实际贡献。\', \'缺少明确的学术或研究背景，可能在理论深度上有所欠缺。\', \'缺乏直接的金融行业经验，可能需要时间适应量化研究的具体业务流程。\', \'未提供详细的技能证书或奖项，可能在专业认证方面有所欠缺。\', \'\']'),(44,'进入初筛',6,'自动打分器','2025-06-29 02:18:23.417351','2025-07-03 01:19:56.658590',2,'88e2986f94M941f597e4914','已完成','求职者在机器学习方面有一定的技能，但其他方面还有不足，需要进一步提升。','[\'具备机器学习能力，能够应用于内容理解相关性问题，有助于提升用户体验。\', \'有一定工作经验，可以将理论知识应用于实际工作中。\', \'在职状态允许其考虑新的机会，能够快速适应新的工作环境。\', \'有项目经验，能够提供实际案例支撑其技术能力。\', \'对技术有热情，愿意接受具有挑战性的工作任务。\']','[\'建议补齐学历信息，特别是是否为985院校，以提高可信度。\', \'建议参加相关的算法课程或培训，提升数据结构和算法方面的知识。\', \'建议加强团队合作的经验积累，提升沟通表达能力。\', \'建议深入了解抖音生活服务业务，增强对具体应用场景的理解。\', \'建议总结过往项目经验，提炼出具体的成功案例，用于面试展示。\']','[\'学历未知，未达到985院校的要求，可能影响企业对背景的信任。\', \'本科及以上学历在读的信息缺失，不清楚是否已经毕业。\', \'缺乏扎实的数据结构和算法基础，可能难以应对复杂的算法设计。\', \'缺少明确的团队合作经验和沟通表达能力，可能影响团队协作。\', \'没有明确提及对抖音生活服务业务的理解和支持，可能对具体应用场景不够熟悉。\']'),(45,'未过分数筛选',3,'自动打分器','2025-06-29 02:18:23.419289','2025-07-03 01:20:23.836445',2,'88e5976499W941a58794912','已完成','求职者的学历未知，工作经验丰富但缺乏相关的项目经验，且目前的工作岗位与目标岗位关联不大。','[\'具备海外教育背景，可能具有国际化视野和技术敏感性。\', \'工作经验丰富，能够适应快速发展的环境。\', \'持有CFA证书，表明具备一定的数据分析和金融领域的专业知识。\']','[\'建议继续深造，考虑申请985高校的相关专业研究生课程，以弥补学历上的不足。\', \'建议积累相关项目经验，参与或主导机器学习、数据挖掘等方面的项目，增强实际操作能力。\', \'建议关注抖音生活服务业务的发展动态，了解其算法支持的具体应用场景，以便更好地应对面试和实际工作。\', \'建议加强编码能力和数据结构与算法的学习，通过在线课程、书籍或实习等方式提升这方面的能力。\', \'建议加强对用户行为分析的方法和工具的学习，培养对用户、作者、商家行为的理解和分析能力。\']','[\'缺乏985高校的学历背景，不符合岗位明确的学历要求。\', \'没有相关项目经验，特别是机器学习、计算机视觉、自然语言处理、数据挖掘等方面的经验。\', \'目前从事基金/证券资产管理行业，与目标岗位的关联性不大。\', \'缺乏优秀的编码能力和扎实的数据结构与算法功底，对于复杂的算法和模型的构建可能不够熟练。\', \'缺乏深入理解用户、作者、商家行为的经验，难以直接应用于内容理解等相关策略制定。\']'),(46,'未过分数筛选',5,'自动打分器','2025-06-29 02:18:23.419285','2025-07-03 01:27:40.292910',1,'88e5976499W941a58794912','已完成','求职者的海外教育背景和CFA技能与岗位要求有契合之处，但工作经验不足，且缺少项目经验，薪资期望可能超出预算。','[\'具备CFA资格证，能够处理复杂的金融分析任务\', \'拥有海外教育背景，适应国际化的金融市场环境\', \'薪资期望合理，符合市场水平\']','[\'建议补充实习或兼职经验，提升实战经验\', \'建议积极参与项目或实习，积累项目管理经验\', \'建议深入学习该行业知识，提高对基金/证券资产管理的理解\']','[\'缺乏相关工作经验，可能在实际操作中遇到困难\', \'没有项目经验，影响团队合作与项目推进\', \'未提及具体的行业背景，难以评估其对该行业的理解程度\']'),(47,'未过分数筛选',5,'自动打分器','2025-06-29 02:18:23.421248','2025-07-03 01:20:51.123877',2,'88e7926897ebI9a1d59794f18','已完成','求职者具备一定的数据分析和模型搭建能力，但缺乏直接与机器学习和自然语言处理相关的技能和经验。因此，其在当前岗位上的匹配度一般。','[\'具备统计分析和数据分析能力，能够处理和解释大量数据\', \'擅长模型搭建，能够应用模型进行预测和分析\', \'拥有丰富的行业研究经验，能够深入理解用户行为\']','[\'建议参加机器学习相关的课程或培训，提升相关技能\', \'寻找实习机会或参与开源项目，积累实践经验\', \'加强数据结构和算法的学习，提升编程能力\']','[\'缺乏机器学习相关技能和经验，无法直接支持算法开发和优化\', \'未提及对数据结构和算法的掌握情况，可能影响编码能力\', \'没有项目经验，缺乏实际操作经验\']'),(48,'进入初筛',7,'自动打分器','2025-06-29 02:18:23.421261','2025-07-03 01:28:07.575103',1,'88e7926897ebI9a1d59794f18','已完成','该求职者具备多项与金融研究相关的技能和知识，但缺少实际工作经验。','[\'具备cfa和frm认证，能够迅速掌握行业标准理论知识。\', \'拥有行业研究、量化分析、模型搭建等多方面技能，能够在金融研究领域迅速开展工作。\', \'熟悉数据分析和统计分析方法，可以有效处理和解读大量数据。\', \'掌握了量化投资和期货交易的相关知识，有助于进行深入的金融模型研究。\', \'求职状态积极，离职后正在寻找新工作，表明有强烈的就业意愿。\']','[\'建议补充相关实习或兼职经历，以证明其实际工作能力和适应能力。\', \'建议增加项目经验，尤其是与金融研究相关的项目，以增强简历竞争力。\', \'建议进一步完善学历信息，以便让雇主全面了解其学术背景。\', \'建议调整薪资期望至更符合市场水平，以提高被录用的可能性。\', \'建议加强与潜在雇主的沟通，展示其职业规划和对职位的热情。\']','[\'缺乏实际工作经验，特别是1年以上相关经验，可能在实际操作中遇到困难。\', \'没有提供项目经验，这可能影响对其实践能力和专业深度的评估。\', \'学历信息未知，可能影响雇主对其理论基础和学术背景的评价。\', \'当前位于离职状态，需要一段时间才能重新进入工作状态。\', \'薪资期望较高，可能存在与当前市场行情的不匹配风险。\']'),(49,'未过分数筛选',5,'自动打分器','2025-06-29 02:18:23.422953','2025-07-03 01:21:18.361964',2,'88ee966992H94165f7b4d12','已完成','吕**的技能主要集中在量化分析、数据统计分析和数据建模方面，但在算法开发和机器学习方面缺乏具体经验和教育背景，这使得他在某些方面与岗位要求不完全匹配。','[\'具备量化分析能力，能够进行复杂的数据处理和建模，有助于提高决策信息覆盖。\', \'擅长数据统计分析，能够帮助优化转化效率和改善用户体验。\', \'有一定的项目经验，这可能表明他具备一定的实践能力，有助于快速适应新的环境。\', \'对技术有兴趣，愿意学习新技术，这表明他有潜力通过培训和自学来弥补知识缺口。\']','[\'建议吕**申请更高层次的岗位培训或进修课程，以获得必要的学历认证。\', \'建议加强在算法开发和机器学习方面的实践，可以通过在线课程或参与开源项目来获取实际经验。\', \'建议深入了解抖音生活服务业务的具体需求，以便更好地适应该岗位的工作内容。\', \'建议展示对计算机视觉、自然语言处理等领域的兴趣，并寻找相关资料进行学习。\']','[\'缺乏本科及以上学历，不符合岗位的学历要求。\', \'缺少相关的算法开发和机器学习经验，无法立即贡献于复杂的算法支持工作。\', \'对抖音生活服务业务的具体需求了解不足，需要更多背景信息才能更好地理解职责。\', \'没有明确提到对计算机视觉、自然语言处理等领域的兴趣和了解，这些是岗位的重要要求之一。\']'),(50,'进入初筛',7,'自动打分器','2025-06-29 02:18:23.423988','2025-07-03 01:28:34.774702',1,'88ee966992H94165f7b4d12','已完成','求职者具备一定的技能和经验，但在学历和具体的工作经验方面可能有所欠缺，总体上符合岗位的基本要求。','[\'具备量化分析能力，能够进行复杂的数学模型构建，有助于进行数据驱动的研究工作。\', \'拥有较强的数据统计分析能力，能够从大量数据中提取有价值的信息，支持决策过程。\', \'具有项目经验，表明其在实际工作中能够将理论知识应用于实践，提升解决问题的能力。\', \'在职状态为寻找新机会，表明其有较强的进取心和职业规划意识。\', \'明确表达了对量化研究岗位的兴趣，能够快速适应和融入新的团队环境。\']','[\'建议补充详细的学历背景信息，例如学位名称及所学专业，以便更全面地展示自己的学术水平。\', \'建议提供具体的量化研究工作经验，尤其是最近的工作经历，以证明自己在该领域的实际操作能力。\', \'建议明确自己的薪资要求，以便在面试中更好地沟通个人的价值观。\', \'建议参加相关的量化分析师培训课程或考取相关证书，如CFA、FRM等，以增加自身的竞争力。\', \'建议主动寻找实习或兼职机会，特别是在金融机构或研究机构的工作经验，以积累更多相关经验。\']','[\'学历信息不明，可能给雇主带来不确定性，影响对其专业水平的信任。\', \'缺乏量化研究的具体工作经验，特别是与应聘岗位直接相关的经验。\', \'未提及具体的薪资要求，可能在谈判过程中存在不确定性。\', \'项目经验虽然丰富，但需要进一步证明这些经验与量化研究岗位的高度相关性。\', \'可能缺乏与量化研究相关的职业认证或培训经历，这在某些公司可能会被视为加分项。\']'),(51,'未过分数筛选',2,'自动打分器','2025-06-29 02:18:23.427304','2025-07-03 01:21:45.578139',2,'89e1926497H9a1b58794e16','已完成','求职者的学历和技能与岗位要求差距较大，缺乏相关技术背景。','[\'具备一定的工作经验和项目经验，能够带来实际操作的经验。\', \'有证券分析师的工作背景，可能有助于理解复杂的数据分析方法。\', \'行业研究的能力可以应用于算法策略的制定和优化。\']','[\'建议参加相关的在线课程或自学，提升编程能力、数据结构和算法知识。\', \'建议参与开源项目或个人项目，增加实践经验。\', \'建议积极参加技术交流活动，增强技术热情和沟通能力。\', \'建议尝试编写一些简单的机器学习模型或项目，证明自己的能力。\', \'建议向目标公司了解是否有实习生计划或其他途径可以进入公司。\']','[\'学历仅为未知，未达到985院校的要求。\', \'缺乏本科及以上学历在读的条件，不符合学历要求。\', \'技能中没有提到相关的编程能力或数据结构、算法功底。\', \'缺乏对机器学习、计算机视觉、自然语言处理、数据挖掘等技术领域的了解。\', \'没有明确表示对技术的热情，以及良好的沟通表达能力和团队精神。\']'),(52,'进入初筛',7,'自动打分器','2025-06-29 02:18:23.427672','2025-07-03 01:29:01.957463',1,'89e1926497H9a1b58794e16','已完成','该求职者拥有相关的技能和经验，但学历信息缺失且工作年限未达到要求。','[\'具备行业研究能力，能够帮助公司在特定领域进行深入分析。\', \'担任过证券分析师，具有金融行业的专业知识和实践经验。\', \'有4段工作经验，表明有一定的职业积累和适应能力。\', \'项目经验丰富，可能意味着较强的解决问题的能力。\', \'对行业研究岗位有明确的职业规划，表明求职动机积极。\']','[\'建议提供详细的学历信息，以便HR全面了解求职者背景。\', \'建议补充具体的工作经验和项目经历，特别是与行业研究相关的内容，以增加说服力。\', \'建议主动寻找相关案例或项目成果进行展示，以证明自己的能力和价值。\', \'建议调整薪资期望，使其更符合市场水平，以提高求职成功率。\', \'建议进一步提升自身在行业研究领域的专业技能，特别是针对目标岗位的具体要求进行学习和培训。\']','[\'学历信息未知，可能会影响公司对求职者的信任度。\', \'工作经验不足，未达到应届生以上的相关经验要求。\', \'项目经验虽多，但具体细节不详，难以判断其实际贡献。\', \'没有明确提到具体的金融或行业研究案例，可能需要进一步证明自己的实力。\', \'薪资期望较高（20-30k×12薪），可能与实际市场行情存在差距。\']'),(53,'未过分数筛选',4,'自动打分器','2025-06-29 02:18:23.430311','2025-07-03 01:22:12.975349',2,'89e7926394F9a1d59784817','已完成','德**在工作经验和项目经验方面较为丰富，但学历和专业技能存在不足，且没有明确表示对技术的热情和团队合作能力。','[\'具备丰富的工作经验，能够快速适应新的工作环境。\', \'有一定的项目经验，可以将理论知识应用于实际工作中。\', \'具备较强的分析和解决问题的能力，能够应对复杂的工作任务。\']','[\'建议申请985院校的相关课程或在线课程，以提升学历背景。\', \'建议积极学习机器学习、计算机视觉、自然语言处理、数据挖掘等相关领域的知识，以弥补技能缺口。\', \'建议增强自己的技术热情，并通过参加相关的技术活动或开源项目来展示自己的沟通表达能力和团队合作精神。\', \'建议寻找实习机会，积累相关领域的工作经验，特别是算法支持和决策信息覆盖方面的实践经验。\', \'建议调整求职状态为离职状态，以便更好地投入新的工作机会。\']','[\'学历未达到985院校的要求，可能会影响在某些关键岗位上的竞争力。\', \'缺乏机器学习、计算机视觉、自然语言处理、数据挖掘等领域的专业技能，无法完全满足岗位的核心技能要求。\', \'尚未明确表示对技术的热情和沟通表达能力，这可能影响团队协作。\', \'缺少直接的相关工作经验，特别是在算法支持和决策信息覆盖等方面的经验有限。\', \'当前处于在职状态，需要调整为离职状态，以便全身心投入新工作中。\']'),(54,'进入初筛',6,'自动打分器','2025-06-29 02:18:23.430859','2025-07-03 01:29:29.167928',1,'89e7926394F9a1d59784817','已完成','德**在工作经验和项目经验上较为丰富，但缺乏明确的技能描述和学历背景，以及未具体提及是否符合应届生以上相关经验的要求。','[\'具备5段工作经验和2段项目经验，能够提供丰富的实践案例支持。\', \'正在积极寻找新工作，表现出较高的职业积极性。\', \'期望薪资和地点与岗位吻合，表明对职位有明确的认识和期望。\']','[\'建议提供详细的技能描述和认证证明，以展示其专业能力。\', \'建议补充学历相关信息，尤其是与岗位相关的专业背景，以增强竞争力。\', \'建议补充相关经验的详细描述，特别是在ERP实施顾问领域的工作经历或项目经验。\']','[\'缺少具体的技能描述，可能无法证明其具备ERP实施顾问所需的专业技能。\', \'学历信息不明，无法确认其是否满足岗位的教育背景要求。\', \'缺乏应届生以上相关经验的明确表述，不确定其是否完全符合岗位要求。\']'),(55,'进入初筛',6,'自动打分器','2025-06-29 02:18:23.433094','2025-07-03 01:29:56.363452',1,'89ee956c98B9a16507a4718','已完成','求职者具有一定的工作经验和项目经验，并且正在寻找与Java开发相关的职位，但具体技能和学历信息缺失，可能会影响其直接胜任此岗位。','[\'具备4段工作经验，能够适应快节奏的工作环境。\', \'拥有1段项目经验，表明有一定的实际操作经验，能够解决实际问题。\', \'正在寻找与Java开发相关的职位，表明求职者的兴趣和职业规划与岗位匹配。\', \'离职状态表明求职者在积极寻找新的机会，具有较强的求职意愿。\', \'正在寻找15薪的职位，显示出较高的薪酬期望，可能有助于吸引雇主注意。\']','[\'建议求职者补充技能证书或项目作品集，以证明其技术实力。\', \'建议求职者针对岗位需求进行针对性的培训或认证，以提升Java编程能力。\', \'建议求职者明确应届生以上相关经验，可以通过案例或项目经验来展示。\', \'建议求职者适当调整薪资期望，使其更符合市场情况，增加谈判成功的可能性。\', \'建议求职者准备一份详细的简历，包括具体的工作职责、项目成果等，以增强竞争力。\']','[\'技能信息缺失，无法确定求职者是否具备岗位所需的Java编程技能。\', \'学历信息未知，可能会影响雇主对其专业背景的认可。\', \'缺乏明确的应届生以上相关经验，可能需要进一步证明其能力和适应性。\', \'未提供具体的项目经验和技能证明，可能会降低雇主的信任感。\', \'薪资期望较高，可能需要进一步调整以符合市场行情。\']'),(56,'未过分数筛选',5,'自动打分器','2025-06-29 02:18:23.433119','2025-07-03 01:22:40.173519',2,'89ee956c98B9a16507a4718','已完成','该求职者的学历未知，工作经验主要集中在Java方面，缺乏对机器学习、计算机视觉、自然语言处理、数据挖掘等相关领域的了解和实践经验。但其离职状态和正在寻找工作的状态表明有一定的求职意愿。','[\'具备4段工作经验，能够提供一定的技术背景和实践经验，有助于快速适应新岗位。\', \'拥有至少一段项目经验，这表明求职者在实际工作中具备一定的技术和项目管理能力。\', \'对技术有热情，正在积极寻找新的职位，表现出较强的主动性。\', \'已经离职并正在寻找新的工作，显示了职业发展的积极性。\', \'能够接受12-24k×15薪的薪资待遇，显示出相对合理的薪酬预期。\']','[\'建议进一步明确学历背景，特别是是否毕业于985院校，以增加岗位匹配度。\', \'建议加强机器学习、计算机视觉、自然语言处理、数据挖掘等领域的学习和实践，以增强相关技能。\', \'建议通过参与开源项目或在线课程等方式，获取更多的实践经验和技术积累，特别是在算法和模型搭建方面的经验。\', \'建议整理并展示具体的技能列表，例如优秀的编码能力、扎实的数据结构和算法功底等，以便招聘方更好地评估。\', \'建议尝试接触更多的行业和技术领域，了解不同场景下的挑战，并通过实践解决问题，提高应对复杂业务需求的能力。\']','[\'学历未知，未达到985院校的要求，可能会影响岗位的匹配度。\', \'缺乏对机器学习、计算机视觉、自然语言处理、数据挖掘等方面的知识和经验，无法直接支持算法相关的业务需求。\', \'工作经验主要集中在Java方面，缺乏相关的算法和机器学习经验，可能需要额外的时间来补充这些知识。\', \'未提供具体的技能列表，无法确定求职者是否具备优秀的编码能力和扎实的数据结构和算法功底。\', \'缺乏对大数据量/小数据量，长期/短期信号等不同场景中遇到的各种挑战的经验处理能力。\']'),(57,'进入初筛',6,'自动打分器','2025-06-29 02:18:23.434721','2025-07-03 01:30:23.602143',1,'8be09c679bQ971c5b7c4b14','已完成','该求职者的技能和项目经验与岗位有一定匹配度，但缺乏直接的相关工作经验。','[\'具备风险管理、CFA和FRM认证，能够增强岗位的专业性\', \'有一定的项目经验，表明有实际操作背景\', \'目前处于在职寻找新工作的状态，显示出积极的职业态度\']','[\'建议申请者补充相关量化研究经验的描述或案例，例如参与过的项目、使用的工具和技术等，以展示其能力\', \'建议提供完整的学历信息，以增加其简历的可信度\', \'建议通过实习或兼职等方式积累更多量化研究方面的实战经验，提高应聘成功率\']','[\'缺乏直接的量化研究相关工作经验，可能在理解岗位具体需求方面存在障碍\', \'学历信息未提供，可能影响岗位对求职者学术背景的信任度\', \'没有明确提到与量化研究相关的技能或经历，可能需要进一步解释\']'),(58,'未过分数筛选',3,'自动打分器','2025-06-29 02:18:23.435087','2025-07-03 01:23:07.397504',2,'8be09c679bQ971c5b7c4b14','已完成','求职者的背景主要集中在风险管理、CFA和FRM方面，缺乏直接与算法相关的技能和经验，不符合岗位的核心要求。','[\'具备金融风险管理能力，能够在数据分析和决策制定方面提供专业意见。\', \'拥有CFA和FRM认证，表明其在金融领域具备扎实的知识基础。\', \'有一定的项目经验，这可能有助于其快速适应新环境。\']','[\'建议补充本科及以上学历，通过课程学习或在线教育平台提升相关技术知识。\', \'建议参加相关的编程课程和数据结构、算法培训，增强技术背景。\', \'建议寻找实习机会或参与开源项目，积累算法相关的工作经验。\', \'建议加强团队协作和沟通能力的培养，参与团队合作项目或活动。\', \'建议准备一份详细的技术简历，突出自己在数据分析和金融风险管理方面的专业技能。\']','[\'缺乏本科及以上学历，不符合岗位的学历要求。\', \'不具备优秀的编码能力和扎实的数据结构和算法功底，无法支撑算法相关的开发工作。\', \'缺乏对机器学习、计算机视觉、自然语言处理、数据挖掘等方面的了解和应用经验。\', \'没有明确的相关工作经验，尤其是算法支持方面的经验，这使得其在实际操作中可能存在局限性。\', \'未提及任何关于团队协作或沟通能力的具体经历，这些对于技术岗位同样重要。\']'),(59,'未过分数筛选',5,'自动打分器','2025-06-29 02:18:23.436343','2025-07-03 01:30:50.812494',1,'8be193669eeeN921b5a7f4a10','已完成','求职者有4年的工作经验，但缺乏明确的技能和学历信息，且目前在职状态，没有跳槽打算。这些因素使得其与目标岗位的匹配度一般。','[\'具备一定的工作经验，能够在短期内熟悉岗位职责\', \'拥有项目经验，可能在实际操作中有一定的基础\', \'期望薪资符合市场平均水平，表明求职动机明确\']','[\'建议罗**更新简历，明确列出自己的技术技能和学历背景\', \'建议寻找机会参加Golang相关的培训或项目实践，提升技术能力\', \'建议与当前雇主沟通，了解是否有可能在跳槽的同时完成工作交接\']','[\'缺乏明确的技能描述，可能不符合岗位的技术要求\', \'学历信息未提供，可能影响雇主对其专业背景的信任\', \'目前在职，可能会遇到工作调动的时间冲突\']'),(60,'未过分数筛选',4,'自动打分器','2025-06-29 02:18:23.436945','2025-07-03 01:23:34.612982',2,'8be193669eeeN921b5a7f4a10','已完成','求职者的背景信息不完整，特别是学历和技能方面，目前无法全面评估其匹配度。','[\'具备4段工作经验，能够提供一定的实践背景。\', \'具备1段项目经验，表明有一定的实际操作能力。\', \'具有在职状态，表示当前工作态度积极。\', \'期望岗位与申请岗位有一定相关性，表明有职业规划意识。\', \'若求职者的学历为985院校，将显著增加匹配度。\']','[\'建议补充完整个人简历，特别是学历、技能和项目经验部分。\', \'建议参加相关技术培训或获取认证，提升数据结构和算法能力。\', \'建议参与开源项目或竞赛，积累实战经验并展示相关成果。\', \'建议积极参与技术交流活动，增强技术热情和沟通表达能力。\', \'建议积累相关领域的工作经验或实习经历，增加匹配度。\']','[\'学历信息缺失，特别是是否为985院校未明确。\', \'技能信息缺失，不清楚求职者是否有扎实的数据结构和算法功底。\', \'缺乏机器学习、计算机视觉、自然语言处理、数据挖掘等相关技能或项目经验。\', \'未明确表示对技术的热情以及沟通表达能力和团队精神。\', \'无相关经验，不符合岗位要求中的“不限年以上相关经验”标准。\']'),(61,'进入初筛',7,'自动打分器','2025-06-29 02:18:23.437910','2025-07-03 01:31:17.988900',1,'8be194689eG971b5c7c4e14','已完成','该求职者具有一定的编程技能，且有工作经历，但缺乏项目经验，可能需要进一步了解行业需求。','[\'具备C++和Python编程能力，能够快速学习和应用新技术\', \'工作经验丰富，有助于理解实际工作环境的需求\', \'期望薪资符合当前市场水平，表明求职意向明确\']','[\'建议参与或主导项目开发，积累实战经验\', \'补充学历信息，以便更全面地展示个人资质\', \'可以参加一些相关的培训课程或认证考试，提升专业技能\']','[\'缺乏项目经验，可能在实际项目中遇到挑战\', \'未提供学历信息，影响对其基础教育背景的评估\', \'没有提及任何相关领域内的专业知识或技术特长\']'),(62,'进入初筛',6,'自动打分器','2025-06-29 02:18:23.438463','2025-07-03 01:24:01.837541',2,'8be194689eG971b5c7c4e14','已完成','求职者具备一定的编程技能，但学历和项目经验不足，且未明确表示对技术的热情和团队合作精神。','[\'具备C++和Python编程能力，能够满足岗位的技能要求。\', \'对技术有一定的热情，愿意寻找新的职业机会。\', \'能够进行基本的数据结构和算法应用，具备一定的分析问题和解决问题的能力。\']','[\'建议补充学历信息，并说明是否为985院校毕业，以增强申请竞争力。\', \'建议增加项目经验，如参与相关的科研项目或开源项目，以展示实际操作经验。\', \'建议加强团队合作精神和沟通表达能力的培养，可以通过参加团队活动或培训来提升。\', \'建议进一步学习和了解机器学习、计算机视觉等相关领域知识，以更好地适应岗位需求。\']','[\'学历未达到岗位要求的985院校标准，可能在学术背景上有所欠缺。\', \'缺乏项目经验，无法证明其在实际工作中解决复杂问题的能力。\', \'未明确表示具有团队精神和良好的沟通表达能力。\', \'未提及对机器学习、计算机视觉、自然语言处理、数据挖掘等领域的兴趣和了解。\']'),(63,'未过分数筛选',5,'自动打分器','2025-06-29 02:18:23.440365','2025-07-03 01:32:12.589236',1,'8be59a649ee7C921a5b7c4c13','已完成','孟**虽然有一定的工作经验和项目经验，但目前尚未明确其学历及具体技能是否符合岗位要求。','[\'具备一定工作经验，能够在实际工作中积累相关技能。\', \'有2段项目经验，表明具有一定的实践经验，有助于快速适应工作。\', \'处于在职状态，表明职业稳定性较高，有利于公司长期发展。\', \'对证券交易员岗位感兴趣，能够主动寻找新的职业机会。\', \'期望薪资合理，与岗位市场薪酬水平相符。\']','[\'建议孟**补充详细的技能描述和教育背景，以展示其专业能力和学术水平。\', \'建议孟**积极参与与证券交易相关的培训或认证课程，提升自己的专业技能。\', \'建议孟**参与相关金融市场的项目或实习，增加与实际工作的接触和理解。\', \'建议孟**阅读行业报告和新闻，保持对金融市场最新动向的关注和理解。\', \'建议孟**撰写一份详细的职业规划书，明确自己的职业目标和未来发展方向。\']','[\'缺乏明确的学历信息，无法确定其学术背景是否符合岗位要求。\', \'未提供具体的技能描述，无法判断其是否具备证券交易相关技能。\', \'经验中没有直接涉及证券交易或金融行业的内容，可能在专业性上有所欠缺。\', \'未提及任何与金融市场的了解情况，可能不了解行业动态和发展趋势。\', \'项目经验较少，特别是与金融相关的项目经验不足，难以证明其在该领域的深入理解。\']'),(64,'未过分数筛选',3,'自动打分器','2025-06-29 02:18:23.440759','2025-07-03 01:24:56.756812',2,'8be59a649ee7C921a5b7c4c13','已完成','孟**虽然有一定的工作经验和项目经验，但目前的学历信息不明确，且没有直接相关的技术背景或兴趣，这些都可能影响其匹配度。','[\'具备一定的项目经验，能够适应快节奏的工作环境\', \'拥有5年的相关工作经验，能够带来丰富的行业知识和技能\', \'可能具备较强的分析和解决问题的能力\']','[\'建议进一步深造或参加相关的技术培训课程，提升在机器学习、数据结构和算法等方面的知识\', \'建议寻找并参与相关的项目或开源项目，积累实践经验，特别是在数据挖掘和算法优化方面的经验\', \'建议积极参加行业内的技术交流活动，扩大人脉关系，获取更多的学习资源和职业机会\']','[\'学历信息不明，特别是是否毕业于985院校，这可能会影响其专业深度和背景\', \'缺乏明确的技术背景，特别是对于机器学习、计算机视觉、自然语言处理等领域的了解不足\', \'没有具体的机器学习或数据科学项目经验，无法证明其在这些领域的实际操作能力\']'),(65,'进入初筛',6,'自动打分器','2025-06-29 02:18:23.441981','2025-07-03 01:32:39.959691',1,'8be7996395e7L921d5d7a4d16','已完成','求职者有4段工作经验和2段项目经验，但技能和学历未提供具体信息，且职位要求具有相关经验。','[\'具备一定的工作经验，能够适应并处理实际工作中的问题。\', \'拥有2段项目经验，可能有助于理解软件开发的实际流程和团队合作。\', \'处于在职状态，表明其有积极的职业态度，愿意寻求新的职业发展机会。\']','[\'建议提供详细的技能描述，特别是在Java编程方面，以证明其符合岗位技能要求。\', \'建议补充具体的学历信息，以便更好地评估学术背景是否符合岗位需求。\', \'建议列出具体的工作经验和项目经验，特别是那些与应聘岗位相关的部分，以展示其专业背景和技能。\']','[\'缺乏具体技能描述，尤其是Java编程能力，这可能是岗位的核心要求之一。\', \'缺少具体学历信息，可能会影响求职者的学术背景匹配度。\', \'工作经验虽多，但未明确提及是否与应聘的Java相关领域有关。\']'),(66,'未过分数筛选',5,'自动打分器','2025-06-29 02:18:23.442209','2025-07-03 01:25:24.068995',2,'8be7996395e7L921d5d7a4d16','已完成','求职者的背景较为丰富，有一定的工作经验和项目经验，但目前缺少明确的学历信息和相关的技术技能，这影响了其直接符合岗位的核心要求。','[\'具备一定的工作经验和项目经验，能够在实际工作中积累经验并快速成长\', \'在职状态表明求职者有积极寻找更好职业发展的动力\', \'有意向寻找新的机会，可能带来更多的职业灵活性和可能性\']','[\'建议提供详细的教育背景信息，特别是毕业院校是否为985院校\', \'建议补充编程经验和项目经验，特别是涉及数据结构、算法、机器学习等方面的项目经历\', \'建议参加相关技术培训或获得认证，增强对机器学习、计算机视觉、自然语言处理、数据挖掘等领域的理解和应用能力\']','[\'缺乏明确的学历信息，特别是是否毕业于985院校，这是岗位硬性要求之一\', \'缺少具体的编程能力和扎实的数据结构和算法基础，这些是岗位的核心技能要求\', \'没有提到对机器学习、计算机视觉、自然语言处理、数据挖掘等相关技术的理解和应用经验\']'),(67,'未过分数筛选',4,'自动打分器','2025-06-29 02:18:23.443621','2025-07-03 01:25:51.511661',2,'8be79f6a9aO971d5e784b14','已完成','求职者的背景显示其在资产管理方面有一定的经验和技能，但缺乏与岗位直接相关的技术背景和工作经验。','[\'具备编程能力，能够编写代码解决实际问题\', \'有一定的项目经验，能够应对复杂的工作任务\', \'对技术有一定热情，能够持续学习新的知识和技术\']','[\'建议进一步提升自己的技术背景，特别是机器学习和数据处理方面的知识\', \'建议寻找与互联网公司或技术开发相关的工作机会，积累相关经验\', \'建议提升自己的学历背景，争取进入985院校就读，增强竞争力\']','[\'学历未知，不符合岗位要求的985院校背景\', \'缺乏机器学习、计算机视觉、自然语言处理、数据挖掘等方面的技术背景\', \'工作经验主要集中在资产管理领域，而非互联网或技术开发领域\']'),(68,'进入初筛',7,'自动打分器','2025-06-29 02:18:23.443748','2025-07-03 01:33:07.104460',1,'8be79f6a9aO971d5e784b14','已完成','求职者具备一定的技能和经验，但学历和当前职位状态可能会影响匹配度。','[\'具备资产配置能力，能够帮助公司优化投资组合，提高资金利用效率。\', \'具备编程技能，可以用于开发或优化资产管理系统的功能。\', \'具备FOF（基金中的基金）经验，有助于更好地管理和选择底层基金产品。\']','[\'建议进一步明确学历背景，提供详细的学历证明文件。\', \'建议调整心态，考虑短期职业规划，以便更灵活地接受新的职业机会。\', \'建议详细描述过往工作经验，特别是与资产管理相关的具体案例和成果。\']','[\'学历信息不明，可能不符合某些公司对学历的要求。\', \'目前在职且暂无跳槽打算，这可能意味着短期内无法全身心投入新工作。\', \'虽然有3段工作经验，但具体经验描述较少，无法全面了解其实际操作能力。\']'),(69,'进入初筛',7,'自动打分器','2025-06-29 02:18:23.445272','2025-07-03 01:26:18.718620',2,'8be89a6992K971e5c7c4f16','已完成','求职者的技能和经验在一定程度上符合岗位要求，特别是在机器学习和深度学习方面有较强背景。但是，他的学历未达到985院校的要求，并且工作经验和项目经验有限。','[\'具备python和sql技能，能够支持数据处理和分析工作\', \'掌握了机器学习和深度学习技术，能够在复杂的算法模型搭建中发挥作用\', \'拥有一定的项目经验，能够在实际工作中应用所学知识\', \'表现出对技术的热情和解决问题的决心，适应能力强\']','[\'建议继续深造或参加相关课程，以获得985院校的学位证书，增强学术背景\', \'建议积极寻找实习机会或参与开源项目，增加实际工作经验和项目经验\', \'建议通过阅读相关领域的最新研究论文和实践案例，提升在机器学习和算法方面的实战能力\', \'建议主动与行业内的专家和学者建立联系，了解行业动态和技术趋势，增强自身的竞争力\']','[\'学历未达到985院校的要求，可能影响雇主对其学术背景的评估\', \'缺乏在985院校的学习经历，可能在学术水平上有所欠缺\', \'工作经验和项目经验较少，尤其是在快速增长的业务和技术支持方面经验不足\', \'缺乏直接的机器学习、计算机视觉、自然语言处理或数据挖掘的实际工作经验\']'),(70,'进入初筛',7,'自动打分器','2025-06-29 02:18:23.445455','2025-07-03 01:33:34.226605',1,'8be89a6992K971e5c7c4f16','已完成','刘**具备多项技能和丰富的工作经验，但其学历和具体工作背景尚不明确。','[\'具备python、sql、机器学习、深度学习等技术能力，能够胜任数据分析工作，进行数据处理和建模。\', \'有3段工作经验和2段项目经验，表明具备实际操作经验和解决问题的能力。\', \'急寻新工作，表现出积极的职业态度和强烈的求职意愿。\', \'期望薪资范围符合市场平均水平，有利于公司招聘决策。\', \'项目经验可能涉及量化投资领域，这与数据分析师的职责有一定的关联性。\']','[\'建议提供详细的学历证明或相关证书，以增加可信度和专业性。\', \'建议补充具体的数据分析师相关工作经验，特别是与岗位职责直接相关的经历。\', \'建议明确表示对上海地区的偏好，或者表示可以接受跨地区工作，以展示灵活性。\', \'建议提供更多关于项目经验的具体描述，特别是与量化投资和数据分析相关的内容。\', \'建议加强软技能培训，如团队合作、沟通协调等，以提高整体职业竞争力。\']','[\'学历未明确，可能影响雇主对其专业素养的判断。\', \'缺乏具体的数据分析师相关工作经验，可能在实际工作中遇到挑战。\', \'未提及具体的工作地点偏好，可能需要进一步了解其是否愿意接受远程工作或跨地区工作。\', \'项目经验中未详细说明与数据分析师职责直接相关的部分，需进一步补充。\', \'未明确提及团队合作、沟通协调等软技能，这些也是数据分析师工作中不可或缺的部分。\']'),(71,'进入初筛',7,'自动打分器','2025-06-29 02:18:23.446836','2025-07-03 01:34:01.390832',1,'8bed956597H9718507a4e16','已完成','求职者的技能和项目经验符合岗位要求，但学历和具体的应届工作经验不足。','[\'具备Python和C++编程技能，能够胜任C++开发岗位的要求。\', \'拥有2段项目经验，表明具有一定的实际操作能力。\', \'离职状态明确，表明职业规划清晰。\', \'期望薪资符合市场水平，表明对自身价值有一定了解。\', \'位于上海，符合岗位地点要求，便于工作开展。\']','[\'建议补充学历信息，通过提供成绩单或其他证明文件来展示教育背景。\', \'建议详细描述工作经历和项目经验，突出与C++开发相关的工作内容和成果。\', \'建议参加相关的培训或课程，增强在应届生市场上的竞争力。\', \'建议主动参与开源项目或技术社区，积累更多的实践经验并提升个人简历的吸引力。\', \'建议准备一些案例或技术文章，以便在面试中更好地展示自己的技术能力和项目经验。\']','[\'学历信息不详，可能影响雇主对求职者的信任。\', \'缺乏应届工作经验，尤其是与岗位相关的特定经验。\', \'未明确说明具体的工作经验和项目经历，难以直观展示能力。\', \'未能提供详细的技能掌握程度和项目成果，难以证明实际应用能力。\', \'缺少与岗位相关的进一步学习或培训经历，可能影响快速适应岗位需求。\']'),(72,'未过分数筛选',5,'自动打分器','2025-06-29 02:18:23.447261','2025-07-03 01:26:46.008773',2,'8bed956597H9718507a4e16','已完成','求职者具备一定的编程技能，有一定的工作经验，但缺乏985院校背景和相关经验。','[\'具备Python和C++编程能力，能够应对复杂的编程任务\', \'拥有2段工作经验和2段项目经验，能够应对实际工作中遇到的问题\', \'离职状态正在找工作，表明求职意愿强烈\', \'对技术有热情，愿意接受挑战，能够适应高强度的工作环境\', \'具备一定的团队精神，能够与同事合作共同解决问题\']','[\'建议继续深造，考取985院校的学位，提升学术背景\', \'建议补充机器学习、计算机视觉、自然语言处理等相关知识的学习，参加相关的课程或认证考试\', \'建议寻找机会参与相关项目或实习，积累实际操作经验\', \'建议根据市场情况适当调整薪资期望，以匹配实际工作需求\', \'建议加强在数据结构和算法方面的学习，提升理论基础\']','[\'学历未达到岗位要求的985院校背景\', \'缺少机器学习、计算机视觉、自然语言处理等方面的知识和经验\', \'缺乏支持快速增长的业务的实际经验\', \'薪资期望可能超出当前市场平均水平，可能需要调整\', \'缺乏在数据结构和算法方面的深入研究\']'),(73,'进入初筛',6,'自动打分器','2025-06-29 02:18:23.448364','2025-07-03 01:34:28.548915',1,'8bee9d6693Y97165e784a12','已完成','求职者具有证券分析和量化分析技能，且明确表达了对金融研究岗位的兴趣。然而，其缺乏相关工作经验，这可能影响其胜任力。','[\'具备证券分析能力，能够进行金融市场分析，为金融研究提供有价值的数据支持。\', \'具备量化分析技能，能够通过数据分析模型提出有效的投资策略和风险控制措施。\', \'明确表示愿意寻找新的职业机会，显示出较强的求职动机。\', \'学历不限，降低了因学历限制而导致的匹配度问题。\', \'期望岗位明确，表明了对金融研究领域的兴趣和专长。\']','[\'建议增加实习或兼职经验，特别是在金融研究相关的领域，以增强实际操作能力和工作经验。\', \'建议参与更多的项目实践，提高自身的专业技能和解决问题的能力。\', \'建议制定详细的职业规划，明确短期和长期的发展目标，以便更好地准备应对未来的挑战。\', \'建议关注行业动态，了解最新的市场趋势和技术应用，保持知识的更新和扩展。\', \'建议与目标岗位的在职人士建立联系，通过交流获取更多关于岗位需求和公司文化的了解。\']','[\'缺乏相关工作经验，尤其是金融研究领域的工作经验，可能难以立即适应岗位需求。\', \'没有提及任何项目经验，这可能表明在实际操作中缺少实践经验。\', \'应届生身份可能意味着需要进一步积累相关领域的知识和技能。\', \'未提供具体的职业规划和发展目标，可能会影响其在新岗位上的长期发展。\', \'期望薪资较高，可能存在与其他应聘者的竞争力对比劣势。\']'),(74,'未过分数筛选',5,'自动打分器','2025-06-29 02:18:23.449010','2025-07-03 01:27:13.213777',2,'8bee9d6693Y97165e784a12','已完成','求职者的学历和经验不符合岗位要求，且技能不完全匹配。但是具备一定的分析能力，可以考虑进一步培训。','[\'具备证券分析和量化分析能力，能够进行数据处理和分析，有助于理解和分析用户、作者、商家的行为。\', \'在职状态表明求职者有意愿寻找新的职业机会，具有积极的工作态度。\', \'愿意接受新挑战，适应快速发展的业务需求。\', \'有一定的学习和适应新领域的能力，可以通过培训快速掌握新技能。\', \'对技术有热情，能够保持学习的动力和好奇心\']','[\'建议参加相关课程或培训，提升机器学习、计算机视觉、自然语言处理、数据挖掘等领域的知识和技能。\', \'建议寻找相关实习或项目机会，积累实际操作经验，特别是在算法和数据分析方面。\', \'建议调整职业目标，考虑将金融研究转为算法支持方向，以更好地匹配目标岗位的要求。\', \'建议加强与团队的沟通和协作能力，提高团队合作意识。\', \'建议关注抖音生活服务业务的发展动态，了解行业内的算法应用和技术趋势\']','[\'学历未知，不符合岗位要求的985院校背景。\', \'缺乏机器学习、计算机视觉、自然语言处理、数据挖掘等相关领域的技能和经验。\', \'没有项目经验，缺乏实际操作和解决复杂问题的经验。\', \'工作经验仅有一段，且未提及是否涉及算法或数据分析相关工作。\', \'期望岗位为金融研究，与目标岗位的算法支持存在较大差异\']'),(75,'未过分数筛选',5,'自动打分器','2025-06-29 02:18:23.449778','2025-07-03 01:34:55.704381',1,'8ce79d6697e7R971d5e7f4819','已完成','求职者的学历和技能信息缺失，但其拥有4年的工作经验，符合应届生以上的经验要求。然而，缺乏量化研究相关的项目经验。','[\'具备一定的工作经验，能够适应职场环境。\', \'期望薪资与市场平均水平相符，表明求职动机明确。\', \'位于上海，地理位置符合岗位要求。\']','[\'建议参加相关培训或课程，提升量化研究的相关技能。\', \'建议积累项目经验，参与或申请与量化研究相关的项目，提高实战能力。\', \'建议补充学历相关信息，如能提供学位证书或其他证明材料，将有助于增强竞争力。\']','[\'缺乏量化研究相关技能和项目经验，无法直接进行量化研究工作。\', \'没有相关项目经验，可能在实际工作中遇到挑战。\', \'学历不明，可能影响雇主对其专业能力的信任。\']'),(76,'未过分数筛选',4,'自动打分器','2025-06-29 02:18:23.450605','2025-07-03 01:27:40.463502',2,'8ce79d6697e7R971d5e7f4819','已完成','求职者目前的工作经验和项目经验不足，且学历未明，这些因素限制了其与岗位的匹配度。但是，求职者在职并且正在寻求新的机会，这表明他具有积极的职业态度。','[\'具备较强的编码能力和扎实的数据结构和算法功底，能够胜任技术开发工作。\', \'表现出对技术的热情，愿意迎接挑战。\', \'具备良好的沟通表达能力和团队精神，有助于团队协作。\', \'虽然缺乏直接的相关工作经验，但可以适应快速增长的业务需求。\', \'能够利用海量数据搭建机器学习算法和架构，提升用户体验。\']','[\'建议参加相关的培训课程或认证考试，例如机器学习、数据挖掘等相关领域的认证，以提升专业技能。\', \'建议积累更多的项目经验，通过参与开源项目或个人项目来丰富简历。\', \'建议尝试与公司进行初步沟通，了解公司的文化和需求，以更好地调整薪资期望。\', \'建议积极准备面试，展示自己的技术实力和个人特点，以增加获得面试机会的可能性。\', \'建议主动向当前雇主提出职位转换的想法，如果可能的话，争取获得推荐信或良好的离职评价。\']','[\'缺少985院校背景，可能会在一定程度上影响企业对学历的认可。\', \'缺乏工作经验，特别是没有项目经验，可能在实际工作中面临一定挑战。\', \'目前处于在职状态，需要考虑离职对公司的影响以及寻找合适的新机会。\', \'薪资期望较高，可能需要进一步调整以符合市场行情。\', \'在算法策略制定方面缺乏实际经验，可能需要更多实践来增强相关技能。\']'),(77,'未过分数筛选',2,'自动打分器','2025-06-29 02:18:23.451122','2025-07-03 01:35:22.882833',1,'8ce9956d9ae9C9717517e4b15','已完成','该求职者具备一定的数据分析技能，但缺乏证券交易员所需的经验和相关背景知识。','[\'具备数据分析能力，能够处理和分析大量数据，有助于提高公司决策效率。\', \'求职状态积极，愿意学习和适应新的工作环境。\', \'拥有三年的工作经验，可以带来一定的职场适应性和解决问题的能力。\', \'期望薪资范围在20-30k×14薪，与岗位提供的薪资相符。\', \'正在寻找新机会，表明对职业发展有明确目标。\']','[\'建议李**参加相关的金融和证券培训课程，提升自己在金融市场方面的知识和技能。\', \'建议积累更多项目经验，参与相关行业的实习或兼职工作，以增强实际操作能力。\', \'建议补充学历信息，如有相关专业学位，可以提供给招聘方更多的参考依据。\', \'建议积极参加行业交流会和研讨会，了解最新的市场动态和技术趋势，拓宽视野。\', \'建议加强沟通技巧和团队合作能力，这些对于证券交易员来说非常重要。\']','[\'缺乏证券交易员所需的行业经验，无法直接胜任交易相关的工作。\', \'缺少项目经验，可能需要时间来熟悉业务流程和特定领域的操作流程。\', \'未提到具备金融或证券相关的专业背景，这可能会影响对市场的理解和判断。\', \'技能集中在数据分析领域，而该岗位要求的是证券交易员，两者之间的关联性较弱。\', \'学历信息缺失，可能影响招聘方对求职者的学术背景和能力的认可。\']'),(78,'未过分数筛选',3,'自动打分器','2025-06-29 02:18:23.452214','2025-07-03 01:28:07.738785',2,'8ce9956d9ae9C9717517e4b15','已完成','该求职者的学历和工作经验不符合岗位要求，且缺少必要的技能。尽管有一定的数据分析能力，但对机器学习和算法的应用经验不足。','[\'具备数据分析能力，能够帮助理解用户、作者、商家的行为模式，并制定相应的策略。\', \'对技术有一定热情，能够适应快速发展的业务需求。\', \'拥有一定的在职经验，可以较快适应新的工作环境。\', \'具有良好的沟通表达能力，有助于团队合作。\', \'能够适应较快的工作节奏，支持快速增长的业务需求。\']','[\'建议进一步提升自己的学历水平，考虑攻读985高校的相关课程或专业。\', \'建议参加机器学习、数据挖掘等相关领域的培训课程，增强自身的技术能力。\', \'建议积极寻找相关项目的参与机会，积累实践经验，如实习或个人项目。\', \'建议尝试转行至生活服务领域的算法支持工作，了解相关业务和技术需求。\', \'建议加强编码实践和算法训练，提高数据结构和算法的理解与应用能力。\']','[\'学历未达到岗位要求的985院校标准。\', \'缺乏机器学习、计算机视觉、自然语言处理、数据挖掘等相关领域的专业背景。\', \'没有相关的项目经验，无法直接应用到实际工作中。\', \'经验主要集中在证券领域，与岗位所需的生活服务业务算法支持领域不符。\', \'没有明确的编码能力和扎实的数据结构和算法功底，难以应对复杂的技术挑战。\']'),(79,'未过分数筛选',3,'自动打分器','2025-06-29 08:01:14.424889','2025-07-03 00:58:53.089630',4,'87e2966590ebE931f5f714a19','已完成','求职者目前的信息有限，特别是在技能和教育背景方面。根据现有信息，求职者似乎缺乏一些关键技能和经验，但也有一定的潜力。','[\'具备一定的在职经历，这表明求职者可能有一定的工作能力和发展潜力。\', \'期望薪资符合市场平均水平，表明求职者的市场定位较为合理。\', \'对新技术有热情，愿意参与前沿技术的研究和开发，表明求职者可能有较好的学习能力和适应性。\']','[\'建议提供详细的教育背景和技能证书，以证明其学历和技能水平。\', \'建议提供具体的工作经验和项目案例，以展示其编程能力和移动端开发经验。\', \'建议规划好工作和实习的时间安排，确保能够满足实习的要求。\', \'建议积极寻找并参与相关的编程项目或开源项目，以丰富其实践经验。\', \'建议加强与潜在雇主的沟通，了解更多的岗位需求，并针对性地调整简历和面试策略。\']','[\'缺少明确的学历信息，这使得我们无法确定其是否符合岗位的最低学历要求。\', \'没有提供具体的技能或项目经验，特别是编程语言和移动端开发的经验，这对于岗位是关键的。\', \'没有项目经验，可能在实际操作和解决问题的能力上有所欠缺。\', \'目前处于在职状态，这可能影响其全职投入实习的可能性。\', \'未提供实习时间的具体安排，不确定是否可以满足至少4个月的实习要求。\']'),(80,'未过分数筛选',5,'自动打分器','2025-06-29 08:01:14.428148','2025-07-03 00:59:20.017610',4,'87ed9a6499K91185b714712','已完成','求职者目前在职且工作经验较少，且学历及具体技能未明确，但具备一定的项目经验，可以考虑进一步了解其背景。','[\'具备一定的项目经验，能够在实际项目中积累经验，有助于快速适应新的工作环境。\', \'有较强的固定收益业务经验，可能具备良好的沟通和团队协作能力，这些能力在技术开发中同样重要。\', \'在职状态表明其职业规划积极，愿意尝试新的工作机会。\', \'对技术有一定的热情，愿意参与前沿技术的研究和应用，有助于推动项目的创新和发展。\', \'每周出勤至少4天，能保证足够的实习时间，确保工作的连续性和稳定性。\']','[\'建议进一步提供详细的学历和技能背景，以便更准确地评估其技术能力。\', \'建议通过实习或项目来提高Android开发的能力，特别是UI、网络和数据库方面的知识。\', \'建议积极参与相关领域的学习和培训，尤其是移动端开发和AI技术的应用，以增强自己的竞争力。\', \'建议明确职业目标，根据岗位要求调整职业规划，确保职业发展路径与岗位需求一致。\', \'建议加强沟通表达能力和团队合作能力的培养，以更好地融入团队并参与产品需求讨论和技术方案设计。\']','[\'学历不明，缺乏明确的计算机或软件工程相关专业的学位，可能会影响技术深度的理解和应用。\', \'具体技能未详细列出，不清楚是否熟练掌握Java、Kotlin、C++、C等编程语言中的任何一种。\', \'缺少移动端开发的实际经验，特别是Android开发的经验不足，可能需要一段时间来适应新的工作内容。\', \'没有明确的工作或项目经验直接与飞书业务搜索和AI相关功能开发有关，可能难以立即上手并做出贡献。\', \'缺乏明确的职业目标，虽然期望岗位为固定收益业务，但岗位要求是移动端开发，这可能需要调整职业规划方向。\']'),(81,'进入初筛',6,'自动打分器','2025-06-29 08:01:14.431600','2025-07-03 00:59:47.064542',4,'88e09b649debH9a1c507c4611','已完成','求职者虽然有一定的工作经验和项目经验，但在编程技能和相关技术方面还需要进一步提升，以更好地适应岗位要求。','[\'具备一定的项目管理经验和工作经历，能够理解并参与产品需求讨论和技术方案设计。\', \'有较强的学习能力和项目经验，可以较快地适应新技术和新工具。\', \'拥有良好的沟通能力和团队精神，有利于与产品团队有效合作。\']','[\'建议进一步加强编程技能的学习和实践，特别是精通一门编程语言，如Java或Kotlin。\', \'建议积极参与移动端开发项目，积累相关技术经验，增强自己的竞争力。\', \'建议提供详细的学历信息，以便更好地展示学术背景和学习经历。\', \'建议保持积极主动的态度，关注行业动态和技术发展趋势，提升个人市场价值。\']','[\'缺乏具体的编程技能和经验，尤其是没有明确说明是否熟练掌握Java/Kotlin/C++/C中的任何一种语言。\', \'缺少移动端开发的经验，特别是在Android UI/网络/数据库框架方面的经验不足。\', \'未能提供详细的学历信息，这可能会影响对其学术背景的认可。\', \'当前处于离职状态，正在寻找新的工作机会，可能存在一定的不确定性和流动性风险。\']'),(82,'未过分数筛选',5,'自动打分器','2025-06-29 08:01:14.435017','2025-07-03 01:00:14.071336',4,'88e1926e96X941b587f4912','已完成','求职者目前在职且正在寻找新的机会，拥有一定的工作经验，但具体技能和教育背景不详，可能需要进一步了解其具体情况。','[\'具备一定的项目管理经验，能够帮助团队有效执行任务\', \'有较强的沟通表达能力，可能有助于产品需求讨论和技术方案设计\', \'有意愿寻找新的职业机会，表明其积极主动\']','[\'建议提供具体的编程技能证明，例如项目代码或在线作品集，以增强简历\', \'建议参加相关项目或开源贡献，积累实战经验\', \'建议与潜在雇主讨论如何调整工作时间安排，以满足实习要求\', \'建议明确表达对移动端开发的兴趣，提升求职针对性\', \'建议加强技术学习，特别是与岗位相关的编程语言和框架知识\']','[\'缺乏明确的计算机或软件工程专业背景，可能影响编程基础\', \'没有项目经验，可能在实际开发中遇到更多挑战\', \'未明确表示对移动端开发的兴趣，可能影响工作积极性\', \'目前在职，可能无法立即全身心投入实习\', \'具体的技能细节不明，无法确定是否完全符合岗位要求\']'),(83,'进入初筛',6,'自动打分器','2025-06-29 08:01:14.438468','2025-07-03 01:01:47.154526',4,'88e2986f94M941f597e4914','已完成','求职者具备一定的技能和项目经验，但缺乏直接的相关技术背景和实践经验。','[\'具备机器学习能力，能够参与飞书业务搜索和AI相关功能开发和迭代\', \'有一定的项目经验，可以参与到产品需求讨论和技术方案设计中\', \'拥有在职经验，能够带来一定的工作思路和方法\', \'对技术有热情，能够适应高强度的技术攻坚任务\']','[\'建议提供相关的在线课程或培训，以弥补缺乏本科学历的背景\', \'建议求职者进一步学习并熟练掌握Java/Kotlin/C++/C中的一种语言，以增强其编程能力\', \'建议求职者补充关于Android UI/网络/数据库框架的相关知识，以便更快适应工作\', \'建议与当前雇主协商，争取更多灵活的工作安排，以满足实习要求\']','[\'缺乏计算机或软件工程的本科学历背景，可能会影响技术基础的学习和应用\', \'未明确表示熟练掌握Java/Kotlin/C++/C中的一种语言，可能需要进一步验证其编程能力\', \'没有明确提到对Android UI/网络/数据库框架的熟悉程度，可能需要额外培训\', \'职位要求至少实习4个月且每周至少出勤4天，目前状态为在职，可能时间安排上存在冲突\']'),(84,'未过分数筛选',3,'自动打分器','2025-06-29 08:01:14.441754','2025-07-03 01:02:14.592538',4,'88e5976499W941a58794912','已完成','求职者海外教育背景和CFA资格虽然丰富，但缺乏与岗位直接相关的技术技能和实践经验，尤其是移动端开发和相关技术领域。','[\'具备海外教育背景，能够带来不同的视角和国际化的思维模式。\', \'拥有CFA资格，表明具备金融领域的专业知识和严谨的工作态度。\', \'有一定的工作经验，可能带来一定的问题解决能力和职业素养。\']','[\'建议参加编程培训或自学相关技术知识，提升编程技能，特别是Java或Kotlin等编程语言。\', \'建议寻找相关实习或兼职机会，积累移动端开发经验和相关技术实践。\', \'建议积极与产品经理和其他技术人员进行交流，提高产品需求理解和沟通能力。\', \'建议增加项目经验，通过实际项目来证明自己的能力和技术水平。\', \'建议调整薪资期望，使其更符合岗位要求，以增加面试成功的可能性。\']','[\'缺乏编程基础，尤其是未掌握Java、Kotlin、C++、C等编程语言，不符合岗位技术要求。\', \'没有移动端开发的相关经验，特别是对于Android平台的UI、网络和数据库框架的熟悉程度不够。\', \'缺乏与产品需求讨论和技术方案设计的经验，无法有效参与产品开发流程。\', \'没有项目经验，难以证明实际的技术能力和解决问题的能力。\', \'求职者的期望岗位与应聘岗位不符，薪资期望较高，可能影响双方谈判空间。\']'),(85,'未过分数筛选',3,'自动打分器','2025-06-29 08:01:14.445791','2025-07-03 01:02:41.965246',4,'88e7926897ebI9a1d59794f18','已完成','求职者目前不具备移动应用开发或相关编程技能，缺乏相关的实习经验，因此难以直接满足岗位的核心要求。','[\'具备统计分析和数据分析能力，能够在数据处理方面提供帮助\', \'有一定的研究和建模经验，能够支持产品的需求讨论和技术方案设计\', \'对量化投资和期货交易有兴趣，可能有助于理解某些应用场景\']','[\'建议学习并掌握一门或多门编程语言（如Java、Kotlin等），提高编程能力\', \'尝试参与一些开源项目或者自己动手实现小项目，以积累移动端开发经验\', \'寻找实习机会，特别是与移动端开发相关的实习，以获得实践经验\', \'加强与潜在雇主的沟通，表达自己对移动端开发的热情和技术兴趣\', \'重新审视自己的职业目标，考虑是否需要调整薪资期望以适应市场需求\']','[\'缺乏计算机或相关专业背景，未掌握Java/Kotlin/C++/C等编程语言\', \'没有移动端开发的相关经验和技能，不能直接参与飞书业务搜索和AI相关功能开发\', \'没有实习经历，未能证明其实际工作能力\', \'尚未明确表达对移动端开发的热情和技术兴趣\', \'期望薪资范围较高，可能不完全符合当前岗位的要求\']'),(86,'未过分数筛选',5,'自动打分器','2025-06-29 08:01:14.449410','2025-07-03 01:03:09.495528',4,'88ee966992H94165f7b4d12','已完成','吕**具有一定的数据分析能力和项目经验，但缺乏岗位所需的编程技能和移动端开发经验。','[\'具备数据分析能力，能够进行量化分析和数据统计分析\', \'拥有一定项目经验，可以适应快速变化的工作环境\', \'对新技术有热情，能够积极参与技术讨论和技术难题的解决\']','[\'建议学习一门或多门编程语言，例如Java、Kotlin等，以提高编程能力\', \'尝试参与一些移动端开发项目，积累实际开发经验\', \'关注并参与相关的技术研讨会或线上课程，提高自己的技术热情和技术水平\', \'准备一份详细的实习计划，说明自己愿意投入时间并保持稳定出勤\', \'调整薪资期望，使其更加符合市场平均水平，以便更好地匹配公司需求\']','[\'缺乏计算机或软件工程背景，可能难以应对编程相关的任务\', \'没有明确的编程技能，特别是缺乏Java、Kotlin、C++、C中的一种\', \'缺少移动端开发经验，无法直接参与UI、网络、数据库相关的工作\', \'未提及实习经历，可能无法满足至少4个月的实习要求\', \'期望薪资较高，可能超出公司预期范围\']'),(87,'未过分数筛选',2,'自动打分器','2025-06-29 08:01:14.452648','2025-07-03 01:03:36.857586',4,'89e1926497H9a1b58794e16','已完成','求职者当前从事的是证券分析师工作，与目标岗位的要求相去甚远，缺乏相关技能和经验。','[\'具备行业研究能力，能够进行市场分析和策略制定\']','[\'建议学习相关的编程知识和技能，如Java/Kotlin/C++/C等\', \'建议报名相关课程或参加培训，提升计算机基础知识\', \'建议寻找实习机会，积累移动端开发经验\']','[\'缺乏编程基础，无法胜任开发工作\', \'不具备计算机或软件工程相关专业背景\', \'缺乏Android UI/网络/数据库框架的实际经验\', \'没有移动端开发的经验\', \'无法满足至少实习4个月的要求\']'),(88,'未过分数筛选',5,'自动打分器','2025-06-29 08:01:14.455544','2025-07-03 01:04:04.141681',4,'89e7926394F9a1d59784817','已完成','该求职者拥有较为丰富的工作经验和项目经验，但在编程技能和相关领域知识上存在不足，需要进一步提高。','[\'具备丰富的工作经验和项目经验，能够为公司带来实际工作经验带来的价值。\', \'对技术有热情，并且有良好的沟通表达能力和团队精神，有助于团队合作。\', \'具有强烈的求职动机，正在急寻新工作，可能更愿意投入精力学习和适应新的工作环境。\']','[\'建议提供详细的学历背景证明，特别是是否为计算机或软件工程相关专业的本科学历，以增强岗位匹配度。\', \'建议加强编程技能的学习和实践，尤其是Java、Kotlin、C++、C等语言的应用，以填补技术能力的空白。\', \'建议积极参与移动端开发项目，积累相关经验，特别是在UI、网络和数据库框架方面的实战经验。\']','[\'缺乏明确的学历背景信息，尤其是是否为计算机或软件工程相关专业的本科及以上学历。这对于岗位要求是一个关键点。\', \'未提供具体的编程技能和相关的技术实现经验，尤其是Java、Kotlin、C++、C等语言的使用经验。这直接影响了其技术能力的匹配度。\', \'缺乏移动端开发的具体经验，特别是Android相关的UI、网络和数据库框架的实际应用经验。这对岗位要求中的“热爱移动端开发”和“有优秀产品开发经验”提出了挑战。\']'),(89,'进入初筛',6,'自动打分器','2025-06-29 08:01:14.458909','2025-07-03 01:04:31.630487',4,'89ee956c98B9a16507a4718','已完成','该求职者在编程技能方面有一定基础，但缺乏明确的专业背景和相关经验，且具体技能描述缺失。','[\'具备一定的工作经验，可以迅速适应工作环境。\', \'对Java有一定的了解，能够胜任部分Java开发任务。\', \'有项目经验，能够参与到实际项目中。\', \'离职状态可能表明其对当前工作环境不满意，或寻求更好的发展机会。\']','[\'建议补充学历信息，特别是是否拥有计算机或软件工程相关专业的背景。\', \'建议加强编程功底和设计能力的训练，提高代码质量和开发效率。\', \'建议积极参加技术交流活动，提升对技术的热情，并展示自己的沟通表达能力和团队协作精神。\', \'建议详细描述对Android UI/网络/数据库框架的理解和使用经验，以证明自己有能力应对相关技术挑战。\']','[\'学历信息不明确，未提供计算机或软件工程相关的专业背景。\', \'缺乏扎实的编程功底和良好的设计能力，可能影响代码质量和开发效率。\', \'未提及对技术的热情及良好的沟通表达能力和团队精神。\', \'没有详细描述对移动开发尤其是Android相关框架的理解和使用经验。\']'),(90,'未过分数筛选',2,'自动打分器','2025-06-29 08:01:14.462245','2025-07-03 01:04:58.973875',4,'8be09c679bQ971c5b7c4b14','已完成','求职者的技能与岗位的核心要求存在较大差距，主要体现在编程技能和移动端开发经验方面。','[\'具备风险管理、CFA、FRM等金融相关知识，有助于在量化研究领域提供理论支持。\', \'具有一定的项目经验，这可能意味着有一定的技术开发背景或参与过项目工作。\', \'急寻新工作的求职状态表明其职业意愿强烈，有可能快速适应新的工作环境。\']','[\'建议学习并掌握Java/Kotlin/C++/C中的一门或多门语言，以提升编程能力，满足岗位技能要求。\', \'建议参加移动端开发培训或实习项目，积累Android开发经验，提高移动端开发能力。\', \'建议关注AI领域的最新技术和研究动态，参与相关项目或研究，提升在AI应用技术方面的能力。\', \'建议补充和完善简历，突出与量化研究相关的经验和技能，增强与目标岗位的匹配度。\', \'建议积极寻找实习机会，确保能至少实习4个月，并每周出勤至少4天，以满足岗位的实习要求。\']','[\'缺乏编程技能，特别是Java/Kotlin/C++/C中的一门或多门语言，无法满足岗位技能要求。\', \'没有明确提到有移动端开发经验，特别是在Android开发方面的经验不足。\', \'未提及有参与过AI相关的技术开发或研究，缺乏与岗位需求直接相关的技术背景。\', \'工作经验与目标岗位关联性不强，仅有1段工作经验且未具体说明与量化研究相关的内容。\', \'没有提及能实习至少4个月，并每周出勤至少4天的要求。\']'),(91,'未过分数筛选',5,'自动打分器','2025-06-29 08:01:14.466099','2025-07-03 01:05:26.381008',4,'8be193669eeeN921b5a7f4a10','已完成','求职者的工作经验和项目经验较为丰富，但在学历和具体技能方面有待提升。','[\'具备一定项目经验，能够参与技术开发和迭代工作\', \'工作经验较为丰富，有助于理解实际开发环境和团队合作\', \'表现出对技术的热情，可能有助于快速适应新技术和新项目\']','[\'建议补齐学历信息，提供本科学历证明或相关课程学习经历\', \'建议详细描述掌握的编程语言技能，特别是Java、Kotlin等\', \'建议调整期望薪资至更符合岗位要求范围，表明对岗位的兴趣\', \'建议寻找移动端开发相关项目或实习机会，增强移动端开发经验\', \'建议明确表示愿意进行至少4个月的实习，并承诺每周至少出勤4天\']','[\'学历信息不明，未提供本科及以上学历证明，不符合学历要求\', \'技能信息不详，未明确指出是否熟练掌握Java/Kotlin/C++/C中的一门语言\', \'期望薪资与岗位不符，Golang开发与岗位要求的Android开发存在一定差距\', \'缺乏移动端开发经验，可能需要时间适应新的开发领域\', \'未明确表达是否有意愿进行至少4个月的实习\']'),(92,'未过分数筛选',5,'自动打分器','2025-06-29 08:01:14.468953','2025-07-03 01:05:53.758304',4,'8be194689eG971b5c7c4e14','已完成','叶**同学拥有一定的编程基础和对技术的热情，但在技能要求方面的差距较大，需要进一步提升。','[\'具备编程能力，能够快速上手开发工作\', \'对技术有热情，能够主动学习\', \'具备良好的编程习惯\', \'愿意参与前沿的技术研究\']','[\'建议系统学习计算机科学基础知识\', \'建议多参与开源项目或实习\', \'建议加强设计能力培养\', \'建议完善个人简历\', \'建议积极寻求反馈\']','[\'缺乏扎实的编程功底\', \'缺乏设计能力\', \'缺乏相关经验\', \'缺少项目经验\', \'缺乏明确的学历背景\']'),(93,'进入初筛',6,'自动打分器','2025-06-29 08:01:14.471726','2025-07-03 01:06:21.208425',4,'8be599659cV971a5d7b4b10','已完成','方**虽然具备一定的技能和经验，但在编程能力、特定语言掌握方面有所欠缺。他具有较强的多领域技能，但需要进一步专注于移动端开发。','[\'具备数据分析和机器学习能力，能够参与AI应用技术研究和解决技术难题。\', \'具有丰富的项目经验，能够在产品需求讨论和技术方案设计中发挥重要作用。\', \'热爱技术且有良好的沟通表达能力，能够与团队成员有效协作。\', \'有较强的学习能力和适应性，能够快速掌握新的技术框架。\', \'正在积极寻找新工作机会，表明其职业规划明确且积极主动\']','[\'建议加强编程技能培训，特别是学习并熟练掌握Java或Kotlin等语言，以增强编程功底。\', \'建议寻找相关移动端开发项目或实习机会，积累实际经验，尤其是Android UI/网络/数据库框架方面的经验。\', \'建议详细规划至少4个月的实习计划，并准备相关的实习经历，以便在面试时展示。\', \'建议在现有工作中尝试承担更多与AI相关的工作，以积累相关经验，并增加简历亮点。\', \'建议调整求职意向，考虑寻找更为匹配的岗位，例如产品经理，以更好地利用当前的优势\']','[\'缺乏扎实的编程功底和编程习惯，未明确提到具有Java/Kotlin/C++/C中任意一种语言的熟练程度。\', \'未提及有实际的移动端开发经验，特别是在Android UI/网络/数据库框架方面的经验较为不足。\', \'没有提到至少4个月的实习计划或具体的实习经历，这可能影响雇主对其长期承诺的信任。\', \'目前的工作状态为在职，这可能会对全职工作的接受度产生疑问。\', \'缺乏在飞书业务搜索和AI相关功能开发的实际经验，可能无法立即胜任相关任务\']'),(94,'未过分数筛选',5,'自动打分器','2025-06-29 08:01:14.474940','2025-07-03 01:06:48.715087',4,'8be59a649ee7C921a5b7c4c13','已完成','孟**的职业状态为在职，正在寻找新的发展机会，且没有明确表示是否愿意进行实习。此外，其学历和技能信息均未提供，因此初步判断其与岗位匹配度一般。','[\'具备丰富的工作经验，能够在实际工作中积累经验和技能，适应能力强。\', \'拥有一定的项目经验，能够通过过往项目理解并参与产品需求讨论和技术方案设计。\', \'有一定的技术背景，虽然缺少具体技能信息，但其工作经验可能涵盖部分技术方面的需求。\']','[\'建议进一步补充学历信息以及具体的编程语言掌握情况，以满足岗位要求。\', \'建议寻找相关移动端开发的项目或实习机会，提升相关技术领域的经验和技能。\', \'建议考虑暂时转行至移动开发领域，通过学习和实践，逐步积累相关经验。\', \'建议确认是否愿意接受实习，并提前准备相应的实习申请材料。\', \'建议与招聘方进行沟通，了解是否有可能接受其现有工作经验作为替代条件。\']','[\'缺乏明确的学历信息，而岗位要求具有计算机或相关专业背景。\', \'缺少编程语言的具体信息，特别是是否熟练掌握Java、Kotlin、C++或C等编程语言。\', \'缺少直接参与移动端开发的经验，特别是在Android UI、网络和数据库框架方面的知识。\', \'目前职位为证券交易员，这与目标岗位在技能和工作背景上存在较大差异。\', \'明确表示正在寻找新的机会，但未表明是否接受实习，且实习时间要求为至少4个月，每周出勤至少4天。\']'),(95,'进入初筛',6,'自动打分器','2025-06-29 08:01:14.478280','2025-07-03 01:07:16.132137',4,'8be7996395e7L921d5d7a4d16','已完成','求职者虽然有一定的工作经验和项目经验，但目前缺少明确的学历背景和具体的技能描述，可能会影响其直接上手相关技术任务。','[\'具备一定工作经验和项目经验，能够理解并参与产品需求讨论和技术方案设计。\', \'期望薪资符合市场行情，可以满足公司薪资预算。\', \'对技术有热情，且希望从事Java开发工作，这表明其具备积极向上的职业态度。\']','[\'建议补充学历信息和具体技能，如编程语言的熟练程度、设计模式的掌握情况等。\', \'建议提供更多的项目经验和案例，特别是与移动端开发和AI相关的工作经历。\', \'建议加强对于Android UI/网络/数据库框架的学习和应用，以提高技术水平。\']','[\'缺少明确的学历背景，尤其是本科及以上学历的要求无法满足。\', \'缺乏具体描述的技能，如编程功底、设计能力和编程习惯的具体体现。\', \'未提及是否熟悉Android UI/网络/数据库框架，这些是岗位所需的重要技能之一。\']'),(96,'未过分数筛选',3,'自动打分器','2025-06-29 08:01:14.481685','2025-07-03 01:07:43.443452',4,'8be79f6a9aO971d5e784b14','已完成','求职者在编程技能方面有一定基础，但缺乏直接相关的移动开发经验和对AI的兴趣及经验。此外，求职者的期望岗位与当前岗位要求存在较大差异。','[\'具备一定的编程能力，能够胜任基本的编程任务\', \'有一定的项目经验，可能有助于快速适应新环境\', \'有资产管理相关经验，可以带来一定的业务理解能力\']','[\'建议参加相关的编程培训或项目实践，提高Android开发水平\', \'建议关注并学习AI领域的基础知识和最新进展，增强技术热情\', \'建议与雇主沟通，调整薪资预期，使其符合岗位提供的薪资范围\', \'建议积极寻找实习机会，确保能够满足实习时间的要求\', \'建议与公司进一步沟通，确认是否有在职实习生的机会或是否可以灵活安排实习时间\']','[\'缺乏移动开发经验，特别是Android开发的经验\', \'没有明确表现出对AI的兴趣和相关经验\', \'期望薪资与岗位提供的薪资不符，可能影响双方的合作意愿\', \'未明确表示对实习的要求有兴趣\', \'目前在职状态，可能会影响实习时间的安排\']'),(97,'未过分数筛选',5,'自动打分器','2025-06-29 08:01:14.485148','2025-07-03 01:08:10.842841',4,'8be89a6992K971e5c7c4f16','已完成','求职者的技能和经验虽然丰富，但与岗位要求存在一定的差距。','[\'具备机器学习能力，能够参与前沿的AI应用技术研究。\', \'有一定的项目经验，可以参与到产品需求讨论和技术方案设计中。\', \'熟悉量化投资，能够提供相关领域的专业知识支持。\', \'拥有3段工作经验，可以应对复杂的工作任务。\', \'希望寻找新的工作，表现出强烈的积极性和动力。\']','[\'建议加强学习Java/Kotlin/C++/C等编程语言，以提高编程功底和设计能力。\', \'建议了解飞书业务搜索和AI相关功能的具体背景和应用场景，提前做好准备工作。\', \'建议调整目前在职状态，争取在实习期间全身心投入工作。\', \'建议积累移动端开发经验，特别是Android开发方面的知识和技能。\', \'建议积极参与团队协作和项目讨论，提高沟通表达能力和团队精神。\']','[\'缺乏Java/Kotlin/C++/C等编程语言的熟练掌握，无法立即满足岗位的技术栈要求。\', \'没有明确的计算机或软件工程相关专业背景，可能需要额外的学习和准备。\', \'目前是在职状态，可能会影响实习时间和出勤情况。\', \'没有相关的移动端开发经验，特别是Android开发经验，难以直接胜任移动端开发任务。\', \'对飞书业务搜索和AI相关功能的具体了解有限，可能需要进一步学习和适应。\']'),(98,'进入初筛',6,'自动打分器','2025-06-29 08:01:14.488730','2025-07-03 01:08:38.176840',4,'8bed956597H9718507a4e16','已完成','求职者的技能和经验符合部分岗位要求，但还存在一些不足之处。','[\'具备C++编程能力，能够参与飞书业务搜索和AI相关功能开发和迭代\', \'有一定的项目经验，可以参与产品需求讨论和技术方案设计\', \'对技术有热情，能够适应快速变化的研发环境\']','[\'建议提供完整的学历证明，以满足岗位的学历要求\', \'建议进一步学习和掌握Java或Kotlin等语言，增强开发技能\', \'建议积累更多的Android开发经验，特别是UI、网络和数据库方面的知识\']','[\'学历信息缺失，未明确满足岗位的学历要求\', \'缺乏Java或Kotlin编程经验，无法完全满足语言要求\', \'没有明确提到Android UI/网络/数据库框架的相关经验\']'),(99,'未过分数筛选',2,'自动打分器','2025-06-29 08:01:14.491422','2025-07-03 01:09:05.708326',4,'8bee9d6693Y97165e784a12','已完成','求职者目前的技能和背景与目标岗位的要求差距较大。','[\'具备证券分析和量化分析能力，能够在金融研究领域有一定的基础，可能有助于理解复杂的数据和业务需求。\', \'在职状态积极，表明有较强的工作意愿和动力。\', \'有明确的职业规划，正在寻找新的机会，显示了职业发展的积极性。\', \'\']','[\'建议加强学习计算机基础知识和编程语言，尤其是Java、Kotlin、C++或C等语言，以便更好地满足岗位技能要求。\', \'建议积极寻找实习机会，积累移动端开发和产品开发的经验，提高自己的实践能力。\', \'可以考虑参加相关的在线课程或培训，提升自己的技术能力，增强竞争力。\', \'\']','[\'缺乏计算机或软件工程相关专业的学历背景，不符合岗位要求。\', \'缺少编程相关的技能，特别是Java、Kotlin、C++或C等语言的能力。\', \'没有相关的产品开发经验和移动端开发经验，无法满足岗位的具体要求。\', \'没有项目经验，可能在实际项目中难以快速适应。\', \'目前工作经验较少，可能缺乏相关领域的实践经验。\', \'\']'),(100,'未过分数筛选',4,'自动打分器','2025-06-29 08:01:14.494519','2025-07-03 01:09:33.019240',4,'8ce79d6697e7R971d5e7f4819','已完成','找**虽然有一定的工作经验，但缺乏直接相关的移动开发经验和技能，尤其是对Java、Kotlin、C++或C语言的掌握。同时，没有项目经验可能影响其实际操作能力。','[\'具备一定的工作经验，能够在现有工作中积累移动开发的经验。\', \'对技术有兴趣，这将有助于其快速学习新的技术和方法。\', \'愿意探索前沿技术，如AI应用，表明其有持续学习的精神。\', \'希望寻找新的职业机会，可能会带来积极的工作态度。\', \'可以投入至少4个月的实习时间，每周出勤至少4天，保证了实习的稳定性。\']','[\'建议找**尽快参加一些相关的在线课程或自学编程语言，特别是Java、Kotlin、C++或C语言，以提高技术水平。\', \'建议找**尝试申请一些小型的个人项目或开源项目，积累实战经验，增强简历中的亮点。\', \'建议找**利用空闲时间参与飞书或其他公司公开的技术讨论会，增加对前沿技术的理解和兴趣。\', \'建议找**与当前雇主沟通，寻求在业余时间进行移动开发相关的兼职工作，以获取实际经验。\', \'建议找**加强软技能的培养，比如沟通表达能力和团队协作能力，这将有助于更好地融入团队。\']','[\'缺乏计算机或软件工程的相关专业背景，可能在理论知识上有一定欠缺。\', \'没有提供具体的技能证明，如编程语言的熟练程度或项目经验，无法验证其技术水平。\', \'没有明确的移动开发经验，尤其是在Android平台上的开发经验。\', \'目前处于在职状态，可能会影响其全身心投入实习工作。\', \'没有相关的项目经验，缺乏实际操作的能力和案例支持。\']'),(101,'未过分数筛选',2,'自动打分器','2025-06-29 08:01:14.497164','2025-07-03 01:10:00.504649',4,'8ce9956d9ae9C9717517e4b15','已完成','求职者目前没有明确的学历背景或编程技能，且没有相关的项目或工作经验。但是他对数据分析有一定了解，有一定的职业灵活性。','[\'具备一定的职业灵活性，可能愿意尝试新的职业路径\', \'有数据分析的能力，这在某些技术领域中也有应用价值\', \'能够适应不同的工作环境，目前在寻找新的机会\']','[\'建议进一步学习编程技能，特别是在Java、Kotlin或其他编程语言方面\', \'建议参加相关课程或项目，积累移动端开发经验，尤其是Android开发\', \'建议寻找实习机会，以获得必要的实习时间和出勤要求\', \'建议增强对AI和搜索功能开发的理解，尤其是与飞书业务相关的部分\', \'建议积极参加产品需求讨论和技术方案设计，提升沟通和团队合作能力\']','[\'缺乏计算机或相关专业的本科及以上学历，不符合岗位要求\', \'没有明确的编程技能，特别是Java、Kotlin、C++或C等关键编程语言\', \'缺乏移动端开发经验，尤其是Android开发的相关知识\', \'没有参与过产品开发或技术方案设计的经验\', \'没有实习经历或至少四个月的实习承诺\']'),(102,'未过分数筛选',2,'自动打分器','2025-06-29 08:01:14.499832','2025-07-03 01:10:27.828656',4,'8ee0936898eaD911c5a794717','已完成','求职者目前从事售前工程师的工作，与目标岗位的要求差异较大，主要缺乏相关的编程技能和移动端开发经验。','[\'具备售前技术支持经验，能够进行技术沟通和产品需求分析\', \'积极主动，离职后正在寻找新的工作机会，表现出较强的职业态度\', \'有一定的项目经验背景，虽然没有明确提及，但可能涉及售前相关的项目经验\']','[\'建议参加编程课程或培训班，提升Java/Kotlin/C++/C等编程语言的技能\', \'尝试参与开源项目或个人小项目，积累移动端开发经验\', \'加强与技术相关的热情和团队协作经验，可以通过加入技术社区或开源项目实现\', \'提供实习经历证明或通过项目描述补充实习或项目经验\', \'提高沟通表达能力，可以多参加技术交流活动，提升这方面的能力\']','[\'缺乏编程技能，特别是Java/Kotlin/C++/C等编程语言的使用经验\', \'没有移动端开发的经验，无法直接参与飞书业务搜索和AI相关功能开发\', \'没有实际的产品开发经验，无法直接参与产品需求讨论和技术方案设计\', \'缺乏与技术相关的热情和团队协作经验\', \'没有明确提到实习经历或相关项目经验，无法证明其具备持续工作4个月的能力\']'),(103,'未过分数筛选',5,'自动打分器','2025-06-29 08:01:14.502782','2025-07-03 01:10:55.057552',4,'memory','已完成','求职者目前处于在职状态且无跳槽打算，可能对其申请该岗位的热情和专注度有所影响。此外，由于没有工作经验或项目经验，需要进一步提升相关技能。','[\'具备编程基础，能够胜任基本的编码任务\', \'有学习热情，能够快速掌握新的技术栈\', \'有一定的技术潜力，可以适应快速发展的移动互联网领域\']','[\'建议积极参加开源项目或个人兴趣项目的开发，增加实战经验\', \'建议主动寻找实习机会，积累相关行业经验\', \'建议提高沟通表达能力，通过参与技术社区活动，增强团队协作能力\']','[\'缺乏实际的工作经验，无法提供具体的工作案例\', \'缺乏项目经验，难以独立完成或参与复杂的技术方案设计\', \'未明确表明对移动端开发的兴趣和热情，可能影响其长期投入程度\']'),(104,'未过分数筛选',5,'自动打分器','2025-07-03 01:28:49.490632','2025-07-03 01:29:21.729737',5,'87e2966590ebE931f5f714a19','已完成','该求职者目前没有明确的相关技能和经验，学历也未明确，因此初步匹配度较低。','[\'具备一定的在职状态和寻求新机会的心态，有利于快速适应新环境。\', \'可以学习和掌握新的编程语言和技术，适应性强。\', \'具有基金/证券资产管理的工作经验，可能带来一定的职业素养和发展潜力。\']','[\'建议进一步提升学历水平，参加相关课程或自学，以符合岗位要求。\', \'建议积极学习并掌握音视频测试工具及技术，通过在线课程或实战练习提高这方面的能力。\', \'建议积累项目经验，可以通过个人项目或实习经历来丰富简历，提升实际操作能力。\', \'建议加强服务端开发经验的学习和实践，特别是在点播、图片服务端方面的经验。\', \'建议积极寻找相关的测试工作机会，通过实践来弥补工作经验的不足。\']','[\'缺乏本科及以上学历背景，不符合岗位要求。\', \'没有相关音视频测试经验和使用ffmpeg、opencv等工具的经验，影响其在音频视频测试方面的能力。\', \'没有提供任何项目经验，缺乏实际操作经验，难以独立完成复杂任务。\', \'缺乏服务端开发经验，特别是点播、图片服务端方面的经验，影响其对服务端接口功能测试的理解和执行。\', \'工作经验仅有一段，且没有项目经验，可能会影响其在工作中遇到问题时解决问题的能力。\']'),(105,'未过分数筛选',5,'自动打分器','2025-07-03 01:28:49.495750','2025-07-03 01:29:49.092170',5,'87ed9a6499K91185b714712','已完成','求职者虽然具备一定的工作经验和项目经验，但在学历和技能方面存在明显不足。此外，他目前在从事固定收益业务，这与应聘岗位的要求不匹配。','[\'具备3段工作经验，有一定的行业背景，可以快速适应新的工作环境。\', \'具备1段项目经验，能够在实际项目中积累经验，提高工作效率。\', \'对固定收益业务有一定了解，能够将现有知识应用于新领域。\', \'在职状态表明求职者当前具有较好的职业稳定性。\', \'愿意寻找新的机会，显示出积极的职业态度。\']','[\'建议补充学历证明，提高求职竞争力。\', \'建议加强对音视频相关测试工具的学习，例如ffmpeg、opencv等，以增加技术储备。\', \'建议进一步学习并掌握Python或Java语言，以满足岗位对编程技能的需求。\', \'建议尝试寻找与目标岗位相关的项目或实习机会，积累相关经验。\', \'建议针对固定收益业务进行深入学习和了解，拓宽知识面，为跨领域发展做准备。\']','[\'学历未知，但要求为本科及以上学历，这可能成为进入该公司的障碍。\', \'缺乏音视频相关测试经验，无法直接应用到岗位要求中提到的具体技能上。\', \'没有明确提及熟练掌握Python或Java语言，这可能是关键技能之一。\', \'没有提到熟练使用ffmpeg或opencv等工具的经验，这些工具在岗位要求中是加分项。\', \'目前从事的工作与目标岗位不匹配，需要进行跨领域调整。\']'),(106,'未过分数筛选',5,'自动打分器','2025-07-03 01:28:49.500521','2025-07-03 01:30:16.502965',5,'88e09b649debH9a1c507c4611','已完成','李**虽然有一定的工作经验，但学历信息缺失，且当前没有明确表示出对音视频测试及服务端开发的兴趣或技能，因此初步匹配度一般。','[\'具备一定的工作经验，可以快速适应工作环境\', \'拥有2段项目经验，可能有助于理解实际工作中遇到的问题\', \'离职状态正在寻找新工作，态度积极，可以较快入职\']','[\'建议补充学历信息，提高简历的专业性\', \'建议在个人简介中提及音视频测试经验或相关的技术技能\', \'建议学习Python或Java编程知识，提高代码能力\']','[\'学历信息缺失，不符合岗位的本科及以上学历要求\', \'没有提及音视频测试经验，缺少必要的专业技能\', \'没有提到Python或Java编程技能，而这两项是岗位的核心要求\']'),(107,'未过分数筛选',5,'自动打分器','2025-07-03 01:28:49.505027','2025-07-03 01:30:43.889492',5,'88e1926e96X941b587f4912','已完成','求职者的学历和工作经验不明确，且缺乏具体的技能描述。尽管有一些相关的项目经验，但当前信息不足以评估其是否完全符合岗位要求。','[\'具备一定的工作经验，可能在项目管理和团队协作方面有一定基础。\', \'对IT项目管理有兴趣，可能带来新的视角和方法。\', \'对新机会持开放态度，愿意接受新的挑战。\', \'拥有良好的学历背景，为学习新技术提供了有利条件。\', \'具备较强的学习能力和适应性，能快速上手新的技术和工具。\']','[\'建议提供详细的教育背景信息，特别是学历证书的相关证明。\', \'建议通过在线课程或实践项目来增强音视频测试及ffmpeg、opencv的使用能力。\', \'建议积累更多的项目经验，尤其是与点播、图片服务端相关的项目经验。\', \'建议学习Python或Java编程，特别是图像/视频处理方面的相关内容。\', \'建议参与或开发一些工具平台和脚本，提升自己的技术水平和实践经验。\']','[\'缺乏明确的学历信息，无法确认其是否符合本科及以上学历要求。\', \'缺少直接相关的音视频测试经验和使用ffmpeg、opencv等工具的经验，无法满足岗位技能要求。\', \'没有提供具体的项目经验，无法展示实际的工作经验和成果。\', \'缺乏使用Python或Java进行图像/视频处理的经验，可能在代码实现上有一定欠缺。\', \'缺乏参与工具开发的经验，可能在工具平台和脚本开发方面存在不足。\']'),(108,'未过分数筛选',4,'自动打分器','2025-07-03 01:28:49.509494','2025-07-03 01:31:11.422718',5,'88e2986f94M941f597e4914','已完成','求职者的技能和经验虽然有一定的相关性，但并不完全符合岗位的核心要求。主要的优势在于有机器学习的经验，可以带来一定的技术背景；而劣势在于缺乏音视频相关的测试经验和编程语言的具体要求。','[\'具备机器学习能力，能够为团队带来不同的技术视角\', \'具有丰富的工作经验和项目经验，能够在实际工作中发挥作用\', \'工作状态积极，正在寻找新的职业机会\']','[\'建议提供相关课程或自学Python或Java，提高编程能力\', \'建议补充音视频测试的实际经验，通过项目实践积累经验\', \'建议在简历中详细描述过往的工作经历和项目成果，增强求职竞争力\']','[\'缺乏本科及以上学历，不符合学历要求\', \'缺乏音视频相关的测试经验，无法胜任音视频测试工作\', \'未明确提到具备Python或Java编程能力，不符合编程语言要求\']'),(109,'未过分数筛选',3,'自动打分器','2025-07-03 01:28:49.513752','2025-07-03 01:31:38.812757',5,'88e5976499W941a58794912','已完成','求职者的海外教育背景可能带来一定的跨文化沟通能力，但其学历和技能与岗位要求存在一定差距。','[\'具备CFA资格，可能在金融领域具有一定的专业知识和经验，能够提供不同的视角来处理问题。\', \'拥有8年的工作经验，有一定的实际工作经验积累，可以快速融入新的工作环境。\', \'具备在职状态，愿意寻找新的机会，表明有积极的职业态度。\', \'海外教育背景可能提供更广阔的国际视野，有助于团队合作和沟通。\', \'具备学习能力，可以快速适应新的技术栈和开发环境。\']','[\'建议继续深造，提升学历至本科及以上，以增强理论知识和专业背景。\', \'建议增加项目经验，积极参与相关的项目开发和测试工作，提高实战能力。\', \'建议学习音视频测试工具及编程语言，如Python或Java，以适应岗位需求。\', \'建议了解点播、图片服务端的开发流程和技术细节，通过阅读文档、参加培训等方式弥补不足。\', \'建议积极参与开源项目或个人项目，通过实践提高自己的技术水平和解决问题的能力。\']','[\'学历未知，未达到岗位要求的本科及以上学历，可能缺乏必要的理论基础。\', \'没有项目经验，缺乏实际的项目开发和测试经验，难以全面理解和把控项目流程。\', \'缺乏音视频相关测试经验，无法利用ffmpeg、opencv等音视频测试工具进行测试。\', \'未掌握Python或Java编程语言，无法满足岗位对编程能力的要求。\', \'没有点播、图片服务端的开发经验，对相关业务的理解不够深入，难以进行有效的质量把控。\']'),(110,'未过分数筛选',2,'自动打分器','2025-07-03 01:28:49.518420','2025-07-03 01:32:06.444256',5,'88e7926897ebI9a1d59794f18','已完成','求职者目前缺乏相关领域的技能和经验，主要集中在金融研究和量化分析领域，对音视频测试及图像/视频处理技术方面了解不足。','[\'具备数据分析能力和统计分析经验，有助于进行质量监控和问题排查。\', \'有量化分析和模型搭建的经验，能够提高代码质量和效率。\', \'熟悉期货交易，可能在某些特定场景下提供市场洞察力。\']','[\'建议继续深造，获得计算机、软件工程或电子信息等相关专业的本科及以上学位，以符合岗位要求。\', \'建议学习Python和Java等编程语言，并实践音视频测试工具（如FFmpeg、OpenCV）的使用，提高技术水平。\', \'建议积累点播或图片业务服务端接口功能测试的实际经验，通过实习或兼职项目来增加相关经验。\', \'建议积极参与开发提效工具的活动，以增强团队协作和开发能力。\', \'建议参加金融研究相关的培训课程或认证考试，进一步提升专业知识水平。\']','[\'缺乏本科及以上学历，不符合岗位的基本学历要求。\', \'缺少相关编程语言（如Python、Java）的经验，无法胜任编码任务。\', \'无音视频测试经验和相关工具的使用经验，无法满足岗位的技术要求。\', \'无点播或图片业务服务端接口功能测试的实际工作经验。\', \'没有参与提效工具开发的经验，难以支持开发提效工具的需求。\']'),(111,'未过分数筛选',3,'自动打分器','2025-07-03 01:28:49.522617','2025-07-03 01:32:33.873043',5,'88ee966992H94165f7b4d12','已完成','求职者的学历和技能背景与岗位要求有一定差距，主要优势在于数据分析方面的能力，但缺乏音视频测试和代码开发的具体经验。','[\'具备量化分析能力，能够进行复杂的数据处理和模型构建，有助于提升服务端的质量和效率。\', \'有一定的工作经验和项目经验，这为理解和执行岗位职责提供了基础。\', \'目前处于在职状态，愿意寻找新的机会，表明求职者具有积极的态度。\', \'能够进行数据统计分析，这对于编写测试用例和质量把控是有一定帮助的。\', \'具备良好的学习能力和适应性，可以快速学习和应用新的技术工具。\']','[\'建议吕先生补充本科及以上学历，可以通过自学或参加在线课程来提高计算机专业知识。\', \'建议加强音视频测试方面的学习和实践，通过实际操作积累相关经验，如使用ffmpeg、opencv等工具进行测试。\', \'建议通过实习或兼职项目增强点播和图片服务端开发的经验，以便更好地适应岗位需求。\', \'建议深入学习Python或Java编程语言，通过项目练习提高代码能力，特别是在图像/视频处理方面的应用。\', \'建议积极参与工具开发项目，提升自己的工具开发能力，如编写自动化测试脚本或开发测试平台。\']','[\'缺乏本科及以上学历，不符合岗位的专业教育要求。\', \'没有音视频相关的测试经验，无法直接胜任使用ffmpeg、opencv等工具进行音视频测试的工作。\', \'缺乏点播和图片服务端开发的相关经验，无法直接参与点播或图片业务服务端的开发工作。\', \'未明确掌握Python或Java编程语言，虽然有较强的数据分析能力，但无法立即满足代码能力的需求。\', \'缺少工具开发的经验，特别是参与提效工具开发的能力不足。\']'),(112,'未过分数筛选',3,'自动打分器','2025-07-03 01:28:49.526769','2025-07-03 01:33:01.177876',5,'89e1926497H9a1b58794e16','已完成','该求职者的学历和技能与岗位要求不符。工作经验虽然丰富，但主要集中在行业研究和证券分析领域，缺乏音视频测试和图像/视频处理的相关背景。','[\'具备丰富的行业研究经验，能够提供深入的市场洞察和策略建议\', \'拥有4年的项目经验和4段的工作经历，证明其具有较强的职业素养和工作稳定性\', \'在证券分析师职位上的工作经历可能有助于提高沟通协调能力和数据处理能力\']','[\'建议进一步提升计算机科学知识，特别是学习Python、Java等编程语言，以增强代码编写能力\', \'建议通过在线课程或实践项目，积累音视频测试的经验，特别是熟悉ffmpeg和opencv等工具\', \'建议参与图像/视频处理相关的项目，以便更好地理解图像服务端的功能和测试需求\', \'建议尝试开发一些简单的自动化测试工具或脚本，以提高自己的工具开发能力\']','[\'缺乏本科及以上学历，不符合岗位的基本要求\', \'缺少音视频测试相关的经验，特别是使用ffmpeg、opencv等工具的经验\', \'没有图像/视频处理方面的经验，可能影响对图像服务端的理解和测试\', \'没有开发提效工具的经验，可能影响工具平台和脚本开发的能力\']'),(113,'未过分数筛选',2,'自动打分器','2025-07-03 01:28:49.532344','2025-07-03 01:33:28.552170',5,'89e7926394F9a1d59784817','已完成','学历信息不详，工作经验主要集中在ERP实施顾问方面，缺乏音频视频测试及编码的相关经验，且期望薪资高于行业平均水平。','[\'具备丰富的项目经验，能够在短时间内适应并完成任务\', \'具备良好的沟通能力和团队协作能力，有助于快速融入团队\']','[\'建议学习和实践ffmpeg、opencv等音视频测试工具\', \'建议补充学习Python、Java等编程语言的相关知识\']','[\'缺乏音视频相关测试经验，无法满足岗位技能要求之一\', \'缺乏使用ffmpeg、opencv等音视频测试工具的经验\', \'未明确提到熟悉Python、Java等编程语言\']'),(114,'进入初筛',6,'自动打分器','2025-07-03 01:28:49.536631','2025-07-03 01:33:55.873198',5,'89ee956c98B9a16507a4718','已完成','该求职者的学历信息缺失，但其有较为丰富的工作经验，且明确表达了对Java岗位的兴趣。','[\'具备4年的工作经验，能够在多个岗位积累了一定的经验和技能。\', \'正在寻找新的工作机会，显示出积极的职业态度。\', \'表达了对Java岗位的兴趣，表明了对该岗位的热情。\', \'有项目经验，能够在实际项目中应用所学知识和技能，具有一定的实战经验。\', \'虽然未明确提到使用ffmpeg、opencv等工具，但其在其他领域的测试经验和代码能力可能有助于快速上手这些工具。\']','[\'建议补充学历信息，特别是计算机或相关领域的背景，以提高竞争力。\', \'建议加强对ffmpeg、opencv等音视频测试工具的学习和实践，以增强技术能力。\', \'建议提高自己在Python或Java方面的熟练程度，可以通过在线课程或项目实践来提升。\', \'建议尝试参与到工具平台和脚本开发的实际项目中去，积累相关经验。\', \'建议保持积极沟通，减少雇主对其离职状态的担忧，展示出稳定的职业态度。\']','[\'学历信息缺失，缺少计算机、软件工程、电子信息等相关专业的背景，可能在某些特定技术细节上有所欠缺。\', \'缺乏音视频相关测试经验，虽然可以学习和适应，但可能会影响初期的工作效率。\', \'未明确表示熟练掌握Python或Java，虽然可以学习，但可能需要额外的时间来达到岗位要求。\', \'缺乏工具平台和脚本开发的具体经验，这可能影响其参与提效工具开发的能力。\', \'当前处于离职状态，可能会给雇主带来一些不确定性。\']'),(115,'未过分数筛选',3,'自动打分器','2025-07-03 01:28:49.541205','2025-07-03 01:34:23.211124',5,'8be09c679bQ971c5b7c4b14','已完成','求职者在学历和专业技能方面存在明显不足，尽管有风险管理相关的经验，但这些经验并不直接相关于岗位需求。因此，整体匹配度较低。','[\'具备风险管理经验，能够理解风险控制策略，有助于团队的整体质量把控。\', \'拥有CFA和FRM证书，表明具备一定的金融知识背景，这可能在某些场景下对团队有所帮助。\', \'有项目经验，能够通过实际项目积累一定工作经验，适应新的工作环境。\']','[\'建议继续深造，获取计算机或相关专业的本科及以上学位，以符合岗位要求。\', \'建议加强学习Python或Java编程语言，提高代码能力和软件开发技能。\', \'建议参加音视频测试相关的培训课程，熟悉ffmpeg、opencv等工具的使用方法。\', \'建议寻找相关领域的实习或兼职机会，积累图像/视频处理的实际工作经验。\']','[\'缺乏本科及以上学历，不符合岗位的基本要求。\', \'没有相关音视频测试经验，无法直接应用ffmpeg、opencv等工具进行音视频测试。\', \'缺少编程语言要求的Python或Java的相关经验，无法独立完成接口功能测试和开发任务。\', \'未明确提及图像/视频处理经验，无法完全胜任涉及图像和视频处理的工作任务。\']'),(116,'进入初筛',6,'自动打分器','2025-07-03 01:28:49.553163','2025-07-03 01:34:50.784838',5,'8be193669eeeN921b5a7f4a10','已完成','罗**在音视频相关测试经验和编程能力上有一定基础，但学历和期望岗位不符，且当前无跳槽打算。','[\'具备一定的编程经验，能够编写测试用例并执行测试任务\', \'拥有4段工作经验，表明有一定的项目实践能力\', \'有过项目经验，能够参与提效工具开发\', \'熟练掌握至少一种编程语言，适应性强\', \'了解点播和图片服务端的技术背景，具备相关领域的基础知识\']','[\'建议参加音视频测试相关的培训课程，提高在该领域的技能水平\', \'建议调整职业规划，寻找与现有编程技能更匹配的岗位\', \'建议增加接口功能测试的经验，可以参与开源项目或实习来积累相关经验\', \'建议考虑短期跳槽，以便更快地获得新环境的工作经验\', \'建议继续深造，获得本科及以上学历，增强个人竞争力\']','[\'学历未达到岗位要求的本科及以上学历\', \'期望岗位为Golang工程师，而职位描述要求Python或Java为主，职业规划与岗位需求不完全匹配\', \'缺乏音视频相关测试经验，不能熟练使用如ffmpeg、opencv等测试工具\', \'目前在职，暂无跳槽打算，可能难以快速融入新工作环境\', \'缺少直接的接口功能测试经验，无法立即胜任接口测试工作\']'),(117,'未过分数筛选',5,'自动打分器','2025-07-03 01:28:49.559460','2025-07-03 01:35:18.094023',5,'8be194689eG971b5c7c4e14','已完成','求职者的技能和工作经验虽然与岗位有一定契合度，但缺乏直接的音视频测试经验和相关项目经验。学历信息未知，可能会影响岗位匹配度。','[\'具备扎实的编程基础，能够胜任复杂的代码任务\', \'熟悉Python，能够完成小红书点播或图片业务服务端的接口功能测试\', \'有一定的音视频处理经验，可以辅助提高工作效率\']','[\'建议参加音视频测试相关的培训课程，提升相关技能\', \'建议积极寻找机会参与相关项目，积累实践经验\', \'建议补充学历信息，确保符合岗位要求\']','[\'缺乏本科及以上学历，可能不符合岗位要求\', \'没有音视频测试的实际经验，可能难以胜任具体的音视频测试任务\', \'缺少项目经验，可能在实际操作中面临一定挑战\']'),(118,'进入初筛',6,'自动打分器','2025-07-03 01:28:49.564565','2025-07-03 01:35:45.414358',5,'8be599659cV971a5d7b4b10','已完成','候选人虽具备一定的学历背景，但缺乏音视频相关测试经验和编程技能，且期望薪资较高，可能会影响其职业发展。','[\'具备丰富的项目经验，能够提高项目开发效率\', \'拥有较强的学习能力，可以快速掌握新的技术知识\', \'具备数据分析能力，能够从数据中挖掘有价值的信息\']','[\'建议加强音视频相关测试的学习，提高在该领域的专业能力\', \'建议加强对编程语言的学习，尤其是Python或Java\', \'建议适当调整薪资期望，寻找更匹配的工作机会\']','[\'缺乏音视频相关测试经验，无法满足岗位对音视频测试的要求\', \'缺乏编程经验，特别是Python或Java等编程语言\', \'期望薪资较高，可能超出公司预算范围\']'),(119,'未过分数筛选',5,'自动打分器','2025-07-03 01:28:49.569992','2025-07-03 01:36:12.770057',5,'8be59a649ee7C921a5b7c4c13','已完成','孟**的技能和经验虽然较为丰富，但具体细节如学历、具体技能等信息缺失，导致匹配度不高。','[\'具备5年工作经验，能够在实际工作中积累丰富的项目经验，有助于快速适应新环境。\', \'拥有多个项目经验，可以展示其在实际项目中的问题解决能力和团队合作能力。\', \'具备证券交易员的工作经验，可能带来一定的商业敏感性和快速学习能力。\']','[\'建议完善个人简历，提供详细的学历背景和具体技能证明，以满足岗位要求。\', \'建议通过在线课程或实际项目，积累音视频测试经验和使用ffmpeg、opencv等工具的知识。\', \'建议积极学习和实践Python或Java编程语言，提高代码编写能力。\', \'建议寻找相关项目或实习机会，积累参与提效工具开发的经验。\']','[\'缺乏明确的学历信息，尤其是本科及以上学历要求。\', \'缺少音视频相关测试经验和使用ffmpeg、opencv等工具的经验，无法满足岗位技能要求。\', \'未提供具体的编程技能证明，特别是Python或Java语言的实际应用经验。\', \'缺少参与提效工具开发的经验，这在岗位描述中是明确的要求之一。\']'),(120,'进入初筛',6,'自动打分器','2025-07-03 01:28:49.577223','2025-07-03 01:36:40.079777',5,'8be7996395e7L921d5d7a4d16','已完成','求职者有一定工作经验和项目经验，但学历和技能方面存在不足。','[\'具备一定的工作经验和项目经验，能够理解并参与实际工作。\', \'熟悉Java编程语言，符合岗位技能要求之一。\', \'有一定的职业灵活性，正在寻找新的就业机会。\', \'愿意参与工具平台和脚本开发，表明有较强的学习能力和团队协作精神。\', \'具有较强的代码能力，能够编写测试用例和执行测试流程。\']','[\'建议补充完整学历信息，确保符合岗位要求。\', \'建议增加音视频测试经验，可以通过学习或实践相关工具来提高。\', \'建议提供具体的图像/视频处理案例，以证明自己的相关技能。\', \'建议在简历中突出服务端接口功能测试的工作经历，强化岗位匹配度。\', \'建议继续学习和掌握Python和Java等相关技术，增强竞争力。\']','[\'求职者学历未明确，但要求为本科及以上学历，可能会影响录用。\', \'缺乏音视频相关的测试经验，不能熟练使用ffmpeg、opencv等工具。\', \'没有明确提到图像/视频处理的经验，而该岗位要求此经验。\', \'未详细列出具体的技能，如Python和Java的具体应用实例。\', \'工作经验中未明确提及负责过服务端接口功能测试的相关内容。\']'),(121,'未过分数筛选',3,'自动打分器','2025-07-03 01:28:49.582287','2025-07-03 01:37:07.399758',5,'8be79f6a9aO971d5e784b14','已完成','求职者的学历信息不明确，且所具备的技能与岗位核心要求不符。','[\'具备编程能力，能够进行基础的代码编写。\', \'有一定的工作经验，可能积累了一定的问题解决和项目管理经验。\', \'了解资产配置，可能有助于理解业务需求和优化测试流程。\']','[\'建议加强计算机、软件工程或电子信息相关专业知识的学习，以符合岗位的专业要求。\', \'建议获取音视频测试的相关培训或经验，熟练掌握ffmpeg、opencv等工具的应用。\', \'建议寻找或参与相关项目，积累点播、图片服务端的经验，以便更好地完成岗位职责。\', \'建议关注提效工具开发方面的内容，学习如何开发和维护工具平台及脚本，以提高工作效率。\', \'建议调整期望薪资范围，使其更接近岗位提供的薪资水平，以促进双方的合作意愿。\']','[\'缺乏计算机、软件工程或电子信息相关专业的背景，不符合岗位的专业要求。\', \'没有音视频相关的测试经验和熟练使用ffmpeg、opencv等工具的经验，无法有效进行音视频测试。\', \'未提供具体的点播、图片服务端相关经验，可能在这些领域存在知识盲区。\', \'没有提到参与提效工具开发的经验，这可能是提高工作效率的关键能力之一。\', \'期望薪资范围与岗位提供的薪资范围存在较大差异，可能会影响双方的谈判结果。\']'),(122,'进入初筛',6,'自动打分器','2025-07-03 01:28:49.586443','2025-07-03 01:37:34.704873',5,'8be89a6992K971e5c7c4f16','已完成','求职者在技能和经验方面有一定的优势，但在音视频测试经验和特定编程语言方面的经验不足。','[\'具备Python编程能力，能够胜任服务端接口的功能测试。\', \'拥有丰富的项目经验，能够在实际工作中积累经验，提高测试能力。\', \'熟悉SQL和机器学习，能够应用于数据分析和工具开发，提高工作效率。\', \'具备量化投资背景，可能带来独特的视角和技术应用。\', \'在职且急寻新工作，有很强的工作积极性和适应性。\']','[\'建议补修相关课程或通过在线学习获得本科及以上学历认证，以符合岗位要求。\', \'建议寻找机会参与或承担音视频相关的项目或实习，积累相关经验。\', \'建议申请或参与小红书或其他知名平台的服务端开发或测试项目，增加实战经验。\', \'建议学习和掌握Java编程语言，以增强技术栈的全面性。\', \'建议准备详细的项目案例，特别是涉及音视频测试或服务端开发的项目，以便更好地展示自己的能力。\']','[\'缺乏本科及以上学历，不符合学历要求。\', \'缺乏音视频测试经验，尤其是使用ffmpeg和opencv的相关经验。\', \'缺乏点播和图片服务端的具体工作经验，尤其是在小红书平台上的经验。\', \'未明确提及使用Java编程语言的经验，而岗位要求至少掌握一种编程语言。\', \'未提供具体的项目案例，展示音视频测试或服务端开发的能力。\']'),(123,'进入初筛',6,'自动打分器','2025-07-03 01:28:49.590589','2025-07-03 01:38:02.023843',5,'8bed956597H9718507a4e16','已完成','求职者具备一定的编程技能和项目经验，但缺乏音视频测试经验和点播、图片服务端的具体经验。','[\'具备python编程能力，能够胜任部分测试工作。\', \'拥有2段工作经验和2段项目经验，表明有一定的技术积累和实战经验。\', \'求职者目前处于离职状态，可以较快入职并投入工作。\', \'能够接受8-13k的薪资待遇，与岗位薪酬范围相符。\', \'具备C++编程能力，这在当前岗位中是一个加分项，可以考虑用于某些工具开发。\']','[\'建议进一步补充学历背景，尤其是确保符合岗位的本科及以上学历要求。\', \'建议寻求机会参与或了解音视频相关测试的实际操作，以增强相关经验。\', \'建议积极学习点播、图片服务端开发的相关知识和技术栈，如点播系统的架构设计等。\', \'建议参与编写测试用例和测试报告的实际练习，提升全流程质量把控的能力。\', \'建议详细描述过往项目经验和技术成果，以便更准确地展示个人能力和成就。\']','[\'缺乏音视频相关测试经验，无法直接应用ffmpeg、opencv等工具进行测试。\', \'没有具体的点播或图片服务端的开发经验，可能会影响初期的工作效率。\', \'学历信息缺失，如果学历未达到岗位要求，可能会降低匹配度。\', \'缺少相关的测试文档编写和全流程质量把控的经验。\', \'工作经验和项目经验虽然丰富，但具体的技术细节和成果描述不足，可能影响评估准确性。\']'),(124,'未过分数筛选',2,'自动打分器','2025-07-03 01:28:49.595146','2025-07-03 01:38:29.352247',5,'8bee9d6693Y97165e784a12','已完成','求职者在学历和技能方面与岗位要求不完全匹配。同时，工作经验较少且缺乏必要的音视频测试经验和编程语言技能。','[\'具备金融研究背景，对于数据处理和分析有一定经验，这在一定程度上可以转化为技术领域的逻辑思维和问题解决能力。\', \'求职者在职且积极寻找新的工作机会，表现出较强的职业发展意愿。\', \'有一定的量化分析能力，这在开发提效工具时可能会有所帮助。\', \'拥有证券分析经验，可以用于理解业务需求和测试策略设计。\']','[\'建议进一步学习计算机科学基础课程，特别是关于音视频处理的相关知识，以便更好地适应岗位要求。\', \'建议寻找实习或兼职机会，积累相关领域的工作经验，尤其是在音视频测试和编程方面的实践经验。\', \'建议参加在线编程课程或项目，提升Python和Java等编程语言的应用水平。\', \'建议主动联系招聘方，说明自己的转型意愿，并提供可以展示自己能力的案例或作品，增加竞争力。\', \'建议尝试参与开源项目或社区活动，通过实际操作来弥补缺乏项目经验的问题。\']','[\'缺乏计算机、软件工程、电子信息等相关专业的本科及以上学历，不符合岗位要求。\', \'没有相关的工作经验，尤其是音视频相关测试的经验。\', \'缺乏Python、Java等编程语言的应用经验，无法直接参与接口功能测试和编码任务。\', \'没有项目经验，无法证明其在实际项目中解决问题的能力。\', \'对点播、图片服务端的理解不足，可能难以立即胜任相关职责。\']'),(125,'未过分数筛选',5,'自动打分器','2025-07-03 01:28:49.601448','2025-07-03 01:38:56.692133',5,'8ce79d6697e7R971d5e7f4819','已完成','找**在音视频测试和编程方面有一定的基础，但缺乏相关的实际经验和学历背景。','[\'具备一定的编程能力，能够胜任点播、图片服务端的接口功能测试。\', \'愿意尝试新的机会，具有积极的职业态度。\', \'拥有4段工作经验，可能积累了丰富的项目管理和问题解决经验。\']','[\'建议找**通过在线课程或自学提高音视频测试技能，特别是熟悉ffmpeg和opencv。\', \'建议积累项目经验，可以尝试参与开源项目或个人项目，增强实战能力。\', \'建议进一步提升学历背景，可以通过成人教育或在线学习途径取得相关学位。\', \'建议寻找机会参与点播或图片服务端的相关工作，通过实践来提升自己的技术水平。\']','[\'缺乏本科及以上学历，不完全符合岗位要求。\', \'缺乏音视频相关测试经验，尤其是使用ffmpeg和opencv等工具的经验。\', \'缺乏点播或图片服务端的实际开发经验，难以独立完成高质量的测试任务。\', \'没有项目经验，无法证明其在复杂项目中解决问题的能力。\']'),(126,'未过分数筛选',3,'自动打分器','2025-07-03 01:28:49.608645','2025-07-03 01:39:24.035035',5,'8ce9956d9ae9C9717517e4b15','已完成','求职者的学历和技能与岗位要求不符，工作经验也未涉及相关领域。','[\'具备数据分析能力，可以用于测试数据分析和优化。\', \'在职状态表明求职者积极寻找新的职业机会，具有较强的求职意愿。\', \'拥有3年的工作经验，可能在其他领域积累了丰富的工作经验。\']','[\'建议补充计算机、软件工程或相关专业的学历背景，提高专业资格。\', \'建议增加音视频测试的经验，可以自学相关知识或通过实习积累实践经验。\', \'建议参加Python或Java编程课程，提高编程能力，以便更好地完成代码工作。\', \'建议参与相关项目，积累点播、图片服务端的经验，以便更好地胜任岗位职责。\', \'建议学习提效工具开发的相关知识，提高工具开发和维护的能力。\']','[\'缺乏计算机、软件工程或电子信息等相关专业的本科及以上学历，不符合岗位要求。\', \'没有相关音视频测试经验和使用ffmpeg、opencv等工具的经验，无法满足岗位技能要求。\', \'没有点播、图片服务端的经验，无法直接承担相关工作职责。\', \'没有项目经验，无法直接参与提效工具开发，包括工具平台和脚本开发。\', \'缺乏相关编程语言经验，如Python或Java，无法独立完成接口功能测试任务。\']'),(127,'未过分数筛选',2,'自动打分器','2025-07-03 01:28:49.613584','2025-07-03 01:39:51.482568',5,'8ee0936898eaD911c5a794717','已完成','求职者目前学历不明，且技能和经验与岗位要求差距较大。虽然有过工作经验，但并未涉及音视频测试或服务端开发。','[\'具备售前技术支持能力，能够为客户提供技术咨询和支持，有助于公司产品推广。\', \'有一定的工作经验，可以带来一定的项目管理经验和客户服务经验。\', \'积极寻找工作，表现出较强的职业态度。\']','[\'建议提高学历至本科及以上，通过进修或其他方式获得相关学历。\', \'建议加强音视频测试相关技能的学习，比如熟悉使用ffmpeg、opencv等工具。\', \'建议积累服务端开发经验，特别是图像/视频处理方面的实战经验。\', \'建议参与或主导一些工具开发项目，增强自己在提效工具开发方面的实际操作经验。\', \'建议加强学习Python、Java等编程语言，提高自己的代码能力和开发水平。\']','[\'缺乏本科及以上学历，不符合岗位学历要求。\', \'缺少音视频测试经验，无法满足岗位技能要求。\', \'未提供任何项目经验，无法证明其在服务端开发或接口测试方面的能力。\', \'工作经验主要集中在售前支持领域，未涉及服务端开发或图像/视频处理。\', \'未展示过提效工具开发的经验，无法满足岗位中关于工具开发的要求。\']'),(128,'未过分数筛选',2,'自动打分器','2025-07-03 01:28:49.617257','2025-07-03 01:40:18.783050',5,'memory','已完成','目前求职者信息有限，学历和技能均未明确，工作经验和项目经验均为零。总体来看，缺乏与岗位要求相匹配的经验和技能。','[\'具备良好的学习能力和适应能力，能够快速掌握新的编程语言和工具。\', \'具备较强的沟通协调能力，可以编写测试用例、进行测试执行和质量把控。\', \'具备较强的学习意愿，愿意参与到提效工具开发中，提高工作效率。\']','[\'建议参加相关培训课程或自学，获取本科及以上学历，特别是计算机、软件工程、电子信息等相关专业的教育背景。\', \'建议积极寻找实习机会或参与开源项目，积累音视频测试经验以及使用ffmpeg、opencv等工具的实际操作经验。\', \'建议主动联系小红书或其他相关企业，参与相关项目的测试工作，增加实际工作经验。\', \'建议在简历中详细描述个人的学习经历和项目经历，突出自己的学习能力和适应能力。\', \'建议深入了解小红书的产品和服务，展示出对点播或图片业务服务端的兴趣和了解。\']','[\'缺乏相关的教育背景，未提供本科及以上学历证明。\', \'缺乏相关的技术技能，尤其是音视频测试经验以及使用ffmpeg、opencv等工具的经验。\', \'缺乏实际的工作经验，特别是在点播、图片服务端的接口功能测试方面的经验。\', \'没有具体的项目经验，无法证明其在实际工作中解决问题的能力。\', \'没有明确表达出对小红书点播或图片业务服务端的兴趣和了解。\']');
/*!40000 ALTER TABLE `match_matching` ENABLE KEYS */;
UNLOCK TABLES;

--
-- Table structure for table `resumes_resume`
--

DROP TABLE IF EXISTS `resumes_resume`;
/*!40101 SET @saved_cs_client     = @@character_set_client */;
/*!50503 SET character_set_client = utf8mb4 */;
CREATE TABLE `resumes_resume` (
  `resume_id` varchar(32) NOT NULL,
  `created_at` datetime(6) NOT NULL,
  `updated_at` datetime(6) NOT NULL,
  `certificates` longtext NOT NULL,
  `current_status` varchar(20) NOT NULL,
  `education` json NOT NULL DEFAULT (_utf8mb4'[]'),
  `email` varchar(254) NOT NULL,
  `expected_positions` json NOT NULL DEFAULT (_utf8mb4'[]'),
  `name` varchar(10) NOT NULL,
  `personal_info` longtext NOT NULL,
  `phone` varchar(11) NOT NULL,
  `project_experiences` json NOT NULL DEFAULT (_utf8mb4'[]'),
  `self_evaluation` longtext NOT NULL,
  `skills` json NOT NULL DEFAULT (_utf8mb4'[]'),
  `status` varchar(20) NOT NULL,
  `tags` json NOT NULL DEFAULT (_utf8mb4'[]'),
  `working_experiences` json NOT NULL DEFAULT (_utf8mb4'[]'),
  PRIMARY KEY (`resume_id`)
) ENGINE=InnoDB DEFAULT CHARSET=utf8mb4 COLLATE=utf8mb4_0900_ai_ci;
/*!40101 SET character_set_client = @saved_cs_client */;

--
-- Dumping data for table `resumes_resume`
--

LOCK TABLES `resumes_resume` WRITE;
/*!40000 ALTER TABLE `resumes_resume` DISABLE KEYS */;
INSERT INTO `resumes_resume` VALUES ('87e2966590ebE931f5f714a19','2025-06-28 12:51:42.589279','2025-06-28 12:51:42.589338','[]','匹配中','[]','','[{\"salary\": \"25-30k×15薪\", \"location\": \"上海\", \"position\": \"基金/证券资产管理\"}]','贾**','方便联系时间：随时联系 | 男 27岁 上海 硕士 工作3年 25k · 14薪 | 量化与衍生品交易 中国国际金融股份有限公司','','[]','计算机和金融工程背景，热爱金融行业，专长量化选股及衍生品的设计与交易','[]','在职，看看新机会','[]','[{\"company\": \"中国国际金融股份有限公司\", \"job_name\": \"量化与衍生品交易\", \"职责业绩\": \"•\\t使用Wind、Python和VBA等工具，进行个股和宽基的量价数据导出、清洗和处理，量化多因子和波动率策略模型的搭建、回测和优化，分析预测标的中短期变动趋势，挖掘相应衍生品市场的定价偏差；对筛选后的核心标的池及期权进行密切监测，日频收集、整理并更新相关市场信息和数据 •\\t开发量化选股+衍生品投资策略，根据模型所预测的目标板块走势，遵循期权费和保证金使用率最优原则，在不同市场情况下分别进行宽基指数的Buy Put、Sell Call和宽跨式期权卖出（Short Strangle）交易及核心池内信号最强个股的场内双融、场外安全气囊（Airbag）和7095结构交易，策略实现5年最大回撤7.32%，总收益率87.75%（年化13.43%），年化波动率6.82%，夏普比率1.53 •\\t负责搭建并维护公司场外期权交易台的风险管理体系，对各类创新型奇异期权，根据其希腊字母等特性，进行对冲策略制定、盘中仓位实时监控和盘后梳理、追保及强平框架体系的持续迭代优化\", \"employment_period\": \"（2022.03 - 至今, 3年3个月）\"}]'),('87ed9a6499K91185b714712','2025-06-28 12:51:42.877208','2025-06-28 12:51:42.877245','[\'CFA特许金融分析师三级\', \'FRM金融风险管理师二级\']','匹配中','[]','','[{\"salary\": \"18-30k×24薪\", \"location\": \"上海\", \"position\": \"固定收益业务\"}]','张**','方便联系时间：随时联系 | 男 28岁 上海 硕士 工作2年 保密 | 资金管理总部 投资交易岗 海通证券','','[{\"project_name\": \"华创金工团队量化策略开发培训\", \"项目描述\": \"团队首席王小川老师全程教学，采用Python来写股票、商品策略的回测，学习多因子、CTA、市场中性、资产配置等策略。 项目目标为培养学生达到业界做量化1年的成手水平。\", \"项目职务\": \"学生\", \"employment_period\": \"（2020.12 - 2021.04）\"}]','积极进取，学习能力强。善于观察及沟通，对数字敏感，执行力强。能与周围人良好相处，社交能力较强。\n对于金融行业有高度的热情，有较强的自我驱动力、学习能力和责任感。\n热爱运动、健身，善于负荷管理，能承受较大的工作压力。\n热爱阅读，能够自发学习，充分利用碎片时间提升工作能力，年均阅读量50+。','[]','在职，看看新机会','[]','[{\"company\": \"海通证券\", \"job_name\": \"资金管理总部 投资交易岗\", \"职责业绩\": \"发挥前期积累的风险控制经验和流动性研究优势，灵活运用各种交易工具，实现公司流动性储备运作的安全有效，包括但不限于利率债券、信用拆借、银行间质押式回购、交易所回购、基金理财的申赎等方式；建立和维护与主要银行间流动性提供者的关系；帮助管理公司的流动性风险；执行交易经理的投资指令，完成每日的头寸管理。\", \"employment_period\": \"（2023.04 - 至今, 2年2个月）\"}, {\"company\": \"海通证券\", \"job_name\": \"资金管理总部 流动性投资研究岗\", \"职责业绩\": \"深度挖掘市场流动性特点，进行一系列投资策略研究。通过对宏观经济走势、行业动态及金融市场流动性的研究，完成部门交代的日度、周度、月度、季度、年度投资策略展望以及各类不定期的研究课题，更好地把握市场脉络，并制定投资配置策略。\", \"employment_period\": \"（2023.03 - 2023.04, 1个月）\"}, {\"company\": \"海通证券\", \"job_name\": \"资金管理总部 风险控制岗\", \"所在部门\": \"全球投资部\", \"职责业绩\": \"严格遵循公司的风险管理政策和流程，参与我部每日资金运作交易的风险评估和审批工作，确保公司流动性资产运作的安全性。通过定期的数据监控与报送和更新部门的各类管理办法，有效降低了潜在投资风险。协助完成部门的合规管理有效性评估及运行有效性测试，对我部投资业务进行合规自查，确保业务推进的合规有效。\", \"employment_period\": \"（2022.09 - 2023.03, 6个月）\"}]'),('88e09b649debH9a1c507c4611','2025-06-28 12:51:43.159004','2025-06-28 12:51:43.159024','[]','匹配中','[]','','[{\"salary\": \"13-16k×14薪\", \"location\": \"上海\", \"position\": \"风险管理/控制\"}]','李**','方便联系时间：随时联系 | 男 27岁 上海 硕士 工作2年 12k · 14薪 | 咨询顾问 中证数智科技(深圳)有限公司','','[{\"project_name\": \"中泰证券同一客户二期项目\", \"项目描述\": \"作为项目组核心成员，参与中泰证券机构限额、产品限额管理现状调研环节，对标同业金融机构同一客户、同一产品限额实践，参照商业银行资本管理办法，在限额模型中考虑违约概率、期限因子、违约相关性等参数，为客户建立机构限额方案、产品限额方案，在为公司限额管理提供量化依据的同时，更好的公司实现精细化风险管理的需求。\", \"项目职务\": \"咨询顾问\", \"employment_period\": \"（2023.10 - 2023.12）\"}, {\"project_name\": \"东吴证券内评体系建设二期项目\", \"项目描述\": \"1. 深入参与金融机构的项目，主导交易对手风险评估打分卡的优化，提升了风险管理的精准度。 2. 独立承担工商企业量化模型的咨询与开发，为企业的风险决策提供科学依据。 3. 成功建立并优化了项目内评体系，提高了团队的整体评估效率和准确性。\", \"项目职务\": \"咨询顾问-信用风险\", \"项目职责\": \"1. 对东吴证券的交易对手模型进行全面评估，进行指标分析与数据验证，调整指标权重和参数，以提升模型的准确性和适应性。 2. 利用申万和中证行业分类，创新性地对未覆盖公开主体进行行业敞口划分，增强了风险敞口管理的全面性。 3. 独立开发了房地产等五大行业及通用模型的专家打分卡，有效提升了信用评级的针对性和专业性。 4. 撰写模型方法论，建立主标尺开发流程，对量化模型的排序结果进行校准，推动内评结果在单一客户限额管理中的实际应用。\", \"employment_period\": \"（2023.03 - 2023.07）\"}]','个人总结\n通过了CPA考试科目：会计、公司战略与风险管理，熟练掌握财务分析、会计审计、公司风险管理知识。\n在职期间为多家头部金融机构提供过咨询支持，对相关的业务流程有较为深入系统的了解。\n具有团队协作精神，能够承受工作压力，具有较高的执行力。目标导向，具有对新知识、新技能不断探索的能力，具有良好的逻辑思维能力和分析能力。','[]','离职，正在找工作','[]','[{\"company\": \"中证数智科技(深圳)有限公司\", \"job_name\": \"咨询顾问\", \"所在部门\": \"信用风险管理方案部\", \"职位类别\": \"咨询顾问\", \"职责业绩\": \"1. 深度参与并成功助力中金公司等五家知名金融机构的信用风险管理项目，提升了其内部评级体系的效率与准确性。 2. 精通R语言和Python，负责信用风险建模，通过精准计算和验证，推动模型的升级迭代，提高了风险控制水平。 3.通过指标体系优化，提升了风险评估体系的全面性和精细化，有效降低了潜在的信用风险。\", \"薪　　资\": \"12k · 14薪\", \"employment_period\": \"（2022.07 - 2024.01, 1年6个月）\"}, {\"company\": \"安永\", \"job_name\": \"审计实习生\", \"所在部门\": \"金融审计\", \"职责业绩\": \"参与项目：徽商银行年度财务报表审计、哈啰单车、日照钢铁集团中期财务报表审阅 实习期间主要工作职责： ①独立负责项目中关联方的审计，针对关联交易实施检查、函证等审计程序、得出审计结论并完成审计报告中关联方的披露，同时协助审计师完成其他科目的工作底稿。 ②查询并整理被审计单位工商信息的变更情况，完成验资程序，通过查阅以前年度的审计工作底稿和被审计单位的提供的内部资料，验证被审计单位针对关联方的披露是否准确完整。 ③协助审计人员检查账务凭证，绘制穿透测试流程图，对业务发生的商业合理性、金额、数量、原始单据，涉及第三方（包括关联方）、业务流程进行梳理。 ④负责将被审计客户的审计工作底稿归类至所属科目，并负责将整理好的工作底稿上传至云平台，根据审计人员针对工作底稿的修改，完成底稿的归档更新工作。\", \"employment_period\": \"（2021.07 - 2022.04, 9个月）\"}]'),('88e1926e96X941b587f4912','2025-06-28 12:51:43.483712','2025-06-28 12:51:43.483748','[]','匹配中','[]','','[{\"salary\": \"23-25k×15薪\", \"location\": \"济南\", \"position\": \"IT项目管理\"}]','陈**','方便联系时间：随时联系 | 男 35岁 济南 本科 工作11年 | 软件项目经理 亚信科技(中国)有限公司','','[]','11年通信行业经验，其中5年项目现场研发团队管理经验，3年研发项目管理经验，具备运营商综合代维/运维、集客业务开通、综合资源管理、数据中台、DICT数字乡村、无线运维智能体、烟草洞察分析等项目经验，长期在项目现场与客户合作，具备较强的沟通、分析问题和解决问题的能力；2018财年S级优秀员工。','[]','在职，看看新机会','[]','[{\"company\": \"亚信科技(中国)有限公司\", \"job_name\": \"软件项目经理\", \"职责业绩\": \"主要负责山东移动DICT数字乡村项目、烟草洞察分析平台、域外某所数据治理等项目的项目管理工作以及中移金科大数据平台项目的软件开发管理工作。 1、担任山东移动DICT数字乡村项目经理，协助客户完成数字乡村一期平台建设与推广。 2、担任烟草洞察分析平台项目项目经理，协助客户完成一期平台建设与推广。 3、担任域外某所数据治理项目项目经理，在人力资源有限、对域外某所行业经验欠缺的情况下，克服困难，带领项目团队，取得项目重大进展。 4、担任中移金科大数据平台项目研发经理，在Java开发组长离职、人员缺口较大的情况下，迎难而上，紧急支撑Java开发管理工作，在支撑用户需求开发、研发团队管理上取的重大进展，客户满意度有显著提升。\", \"employment_period\": \"（2022.05 - 至今, 3年1个月）\"}, {\"company\": \"浪潮通信信息系统有限公司\", \"job_name\": \"技术/研发经理\", \"职责业绩\": \"项目现场研发团队管理，获得2018财年S级优秀员工评优。 主要负责运营商O域项目，协同项目经理细化用户需求进行软件设计和研发管理交付工作。业务涵盖O域资源管理、集客支撑、代维管理、权限管理等方面。对流程引擎工作流和权限管理有深入理解。  移动侧：人力资源管理、权限管理、综合代维、综合资源、资源配置、集客支撑、集客一体化、集客预覆盖等系统 铁塔侧：权限管理、铁塔两资一产、铁塔在线、发电取信、设计监理、资源储备管理等系统 联通侧：短信客服支撑系统以及权限管理\", \"employment_period\": \"（2015.09 - 2022.05, 6年8个月）\"}]'),('88e2986f94M941f597e4914','2025-06-28 12:51:43.748761','2025-06-28 12:51:43.748787','[\'证券从业资格证\', \'基金从业资格证\']','匹配中','[]','','[{\"salary\": \"22-30k×18薪\", \"location\": \"上海\", \"position\": \"量化研究\"}]','洪**','方便联系时间：随时联系 | 男 30岁 北京-朝阳区 硕士 工作4年 保密 | 量化风控工程师 嘉实基金','','[{\"project_name\": \"ETF销售端平台开发\", \"项目描述\": \"独立开发ETF销售端分析平台，包括机构、个人、日报、周报看板，系统开发技术结合Flask框架和Redis日之缓存服务，为Smart-Beta指数投资部提供数据支持\", \"项目职务\": \"\", \"employment_period\": \"（2024.06 - 至今）\"}, {\"project_name\": \"策略回测平台开发\", \"所在公司\": \"嘉实基金\", \"项目描述\": \"主导设计和开发量化策略回测框架并嵌入基于3秒快照数据的撮合算法为股票交易提供量化支持;同时使用框架编 写网格交易策略，赋能ETF销售端的业务分析\", \"项目职务\": \"独立负责人\", \"employment_period\": \"（2024.04 - 至今）\"}]','技能优势：\n精通和熟练主流编程：Python, C++, Oracle, MySQL \n熟悉：GitLab, Spark, JAVA, Web Crawler, Linux and Shell Scripts, \n熟练掌握其他业务工具：WIND, Bloomberg, 机器学习机器算法工具包 sklearn/keras \n业务能力优势：\n具有两年对接业务和各平台的经验，具有较强的沟通和问题解决的实操能力；应届生免实习直接录用，对各业务的学习和理解有很强的吸收运用能力','[\"机器学习\"]','在职，看看新机会','[]','[{\"company\": \"嘉实基金\", \"job_name\": \"量化风控工程师\", \"职责业绩\": \"于2021年6月3日就职于嘉实基金风险部门的风险科技组，主要的工作内容是量化分析和开发，主要方向在固收方向，熟悉转债、纯债、利率互换、国债期货等；负责项目包括但不限于模型研究（其中包括因子模型、可转债组合的业绩拆解模型、关键久期和利率结构模型）、定制和维护各业务线上基金业绩相关的风险报告，合作开发绩效风控平台功能，如业绩落后和非标项目投资监控、数据挖掘计算各类风控指标、资配模型研究和结构化产品的定价和市场调研。\", \"employment_period\": \"（2021.06 - 至今, 4年）\"}, {\"company\": \"8B Education Investments\", \"job_name\": \"数据分析师\", \"职责业绩\": \"1. 准备数据和机器学习模型来预测非洲在美毕业生的薪水，以投资某些目标人群达到短期收益最大化 2. 应用scrapy进行网页数据爬取，再利用Python和MySQL正则表达式清洗数据，重新设计表格以标准化和映射数据，并将所有标准化数据归一化为一张表，以进行模型特征设计 3. 对数据进行特征工程，深入探索特征值和有效数据，研究并设计模型方案，利用Python的机器学习进行进一步的分析、改进和预测\", \"employment_period\": \"（2020.07 - 2020.09, 2个月）\"}, {\"company\": \"华福证券\", \"job_name\": \"其他基金/证券/期货/投资\", \"下属人数\": \"0\", \"工作地点\": \"泉州\", \"所在部门\": \"市场经理部\", \"职责业绩\": \"1. 通过对中国 A 股市场指数分析（MACD，VIX），用 100 万模拟资金进行模拟投资 2. 设计课题并针对 20 名客户进行期权市场培训并获得 100%的通过率 3. 跟踪学习对于客户的投资政策声明（IPS）的制定\", \"employment_period\": \"（2018.07 - 2018.08, 1个月）\"}]'),('88e5976499W941a58794912','2025-06-28 12:51:44.106484','2025-06-28 12:51:44.106508','[]','匹配中','[]','','[{\"salary\": \"15-25k×16薪\", \"location\": \"上海\", \"position\": \"基金/证券资产管理\"}]','王**','方便联系时间：随时联系 | 男 31岁 上海 博士 工作2年 保密 | 量化研究员 海证期货','','[]','奖学金，资历证书及技能\n• 研究生毕业论文项目获2500英镑奖学金\n• 通过CFA一级考试，基金从业资格证，期货从业资格证\n• 精通Python编程，熟练使⽤SQL数据库语言\n发表⽂章\n• Azarbar, A., Wang, Y. and Nadarajah, S., 2019. Simultaneous Bayesian modeling of longitudinal and survival data in breast cancer patients. Communications in Statistics-Theory and Methods, pp.1-15.','[\"cfa\", \"海外教育背景\"]','在职，看看新机会','[]','[{\"company\": \"海证期货\", \"job_name\": \"量化研究员\", \"职责业绩\": \"1. 负责A股二级市场数据挖掘、处理，建立本地金融数据库，为量化策略开发提供数据支持。 2. 建立因子有效性测试框架，负责股票市场因子数据挖掘以及因子测试。 3. 搭建多因子回测框架和持续跟进优化量化策略。 4. 负责开发股指强弱对冲套利策略和商品趋势策略。 5. 负责CTA、套利类策略私募基金的调研工作，通过基金管理人访谈、基金经理投资策略分析、产品业绩归因与风险分析等多个角度，综合评价基金管理人情况，出具相关分析报告 6. 负责商品板块部分品种的市场跟踪和分析。 7. 负责撰写部门策略周报。内容涵盖每周市场表现、基金产品业绩追踪、资管FOF的业绩表现以及市场展望等多个方面。\", \"employment_period\": \"（2024.02 - 至今, 1年4个月）\"}, {\"company\": \"海证期货有限公司，资产管理总部，上海\", \"job_name\": \"量化研究员\", \"职责业绩\": \"• 1. 负责A股二级市场数据挖掘、处理，建立本地金融数据库，为量化策略开发提供数据支持。 • 2. 建立因子有效性测试框架，负责股票市场因子数据挖掘以及因子测试。 • 3. 搭建多因子回测框架和持续跟进优化量化策略。 • 4. 负责开发股指强弱对冲套利策略和商品趋势策略。 • 5. 负责CTA、套利类策略私募基金的调研工作，通过基金管理人访谈、基金经理投资策略分析、产品业绩归因与风险分析等多个角度，综合评价基金管理人情况，出具相关分析报告 • 6. 负责商品板块部分品种的市场跟踪和分析。 • 7. 负责撰写部门策略周报。内容涵盖每周市场表现、基⾦产品业绩追踪、资管FOF的业绩表现以及市场展望 等多个方面。\", \"employment_period\": \"（2023.02 - 至今, 2年4个月）\"}, {\"company\": \"山西证券，贸易金融部，上海\", \"job_name\": \"量化策略研究实习生\", \"职责业绩\": \"• 完成CTA策略课题《捕捉大宗商品低波放大的趋势跟踪策略》\", \"employment_period\": \"（2022.08 - 2022.11, 3个月）\"}, {\"company\": \"山西证券\", \"job_name\": \"量化研究员实习生\", \"职责业绩\": \"暑期实习项目，完成课题《捕捉低波动率放大形态并追踪趋势》 策略概述--回顾期货市场行情，我们总能观测到行情风格在强波动率和弱波动率之间不停转换。这种强弱波动率的交替转换具有一定的普遍性和持续性。 策略的目的在于探索价格的低波动率区间，布局波动率由弱变强的节点，以一定的试错成本，来赚取未来趋势行情中可观的收益。\", \"employment_period\": \"（2022.08 - 2022.11, 3个月）\"}, {\"company\": \"申万宏源证券研究所，非银金融组，上海\", \"job_name\": \"实习⽣\", \"职责业绩\": \"• 收集行业数据，建立上市券商财务预测模型 • 撰写上市券商季度、半年度业绩点评\", \"employment_period\": \"（2016.01 - 2016.07, 6个月）\"}, {\"company\": \"申万宏源证券研究所\", \"job_name\": \"实习生\", \"所在部门\": \"非银金融组\", \"职责业绩\": \"1. 收集行业数据，建立财务数据预测模型 2. 协助撰写上市券商季度及半年度业绩点评 3. 协助撰写拟上市券商的分析报告\", \"employment_period\": \"（2016.01 - 2016.07, 6个月）\"}, {\"company\": \"上海证大资产管理有限公司\", \"job_name\": \"实习⽣\", \"职责业绩\": \"• 收集整理拟投资标的公司数据，进行行业对比，出具投资建议报告 • 协助校对公司私募基⾦产品合同\", \"employment_period\": \"（2015.08 - 2015.12, 4个月）\"}, {\"company\": \"上海证大投资发展有限公司\", \"job_name\": \"实习生\", \"工作地点\": \"上海\", \"职责业绩\": \"1.协助校对公司私募基金产品合同 2.收集整理拟投资标的公司数据，进行行业对比，出具投资建议报告\", \"employment_period\": \"（2015.08 - 2015.12, 4个月）\"}]'),('88e7926897ebI9a1d59794f18','2025-06-28 12:51:44.325144','2025-06-28 12:51:44.325161','[\'大学英语四级\', \'大学英语六级\', \'证券从业资格证\', \'期货从业资格证\', \'CFA特许金融分析师一级\', \'CFA特许金融分析师二级\', \'FRM金融风险管理师一级\']','匹配中','[]','','[{\"salary\": \"11-22k×12薪\", \"location\": \"上海\", \"position\": \"金融研究\"}]','赵**',' | 男 25岁 上海 本科 工作3年 16.5k | 金融工程师 上海文华财经资讯股份有限公司','','[]','金融学学士（绩点专业前3%），通过CFA二级、FRM一级，兼具扎实的金融理论与量化实践能力。\n主导多因子策略开发（期限结构、库存、量价等因子库）、高频订单流模型、趋势策略及参数优化算法（遗传算法），成功构建商品一致性预期指数与油脂链多维分析体系，融合产业供需、市场情绪与宏观经济数据。\n擅长Python量化开发（API设计、策略移植）、期权策略（对冲/套利）及数据管理（爬虫、情感分析、数据库搭建）。具备大宗商品全链条研究经验（供需平衡表、基差分析、期货定价），深度参与跨部门协作（客户需求提炼、内部培训讲座），输出标准化需求文档并降低沟通成本。\n持有期货投资分析、期货从业资格、证券从业资格，英语流利（六级609、中级口译），可高效支持国际化业务与复杂场景咨询。','[\"cfa\", \"frm\", \"行业研究\", \"量化分析\", \"模型搭建\", \"统计分析\", \"数据分析\", \"量化投资\", \"期货交易\"]','离职，正在找工作','[]','[{\"company\": \"上海文华财经资讯股份有限公司\", \"job_name\": \"金融工程师\", \"职位类别\": \"金融研究\", \"职责业绩\": \"•油脂链基本面与量化研究 主导油脂板块的产业分析功能研究，整合内外部数据，构建、维护可视化多维分析看板（供需平衡表、供应端、需求端、现货、库存、基差、龙虎榜、二级市场、资讯链）。 拆解商品价格的形成过程，识别关键价格驱动因素，运用产业、市场情绪、宏观经济等数据编写量化因子，量化市场参与者的决策依据，有机融合了多因子量化方法和商品定价理论。 •商品价格预测模型 开发基于时间序列模型（GARCH、ARIMA、VARMA、BVAR）和基本面因子的商品价格预测模型，代码提交Bitbucket管理模型迭代。通过梳理行业研究逻辑，挖掘需求、成本、供应、利润、期货、产业链等维度的潜在价格影响因子，运用皮尔逊相关系数、信息增益比例、最大信息系数量化评估因子重要性，筛选出关键影响因子输入模型，成功构建面向大宗商品未来价格的量化预测工具。 •价格与订单流分析 基于Level2数据构建高频订单流分析模型，识别交易订单的规模、方向、分布及大单行为，监测持仓波动与资金流向，分析影响订单流的因素，为交易团队提供日内交易决策支持。 •数据管理与建模基础 与数据工程团队合作，搭建大宗商品数据库，使用SQLServer清洗、标准化及整合内外部来源的数据，进行查询与数据聚合，提取出结构化数据集，为商品基本面分析、量化因子构建、价格预测模型提供可靠的输入。 爬取28家期货公司的品种研报，通过文本情感分析量化涨跌观点，构建商品一致性预期数据库。 •跨部门协作 对接营销团队完成客户访谈，收集、提炼客户在期权量化交易中的核心需求及使用场景，输出标准化需求文档提交开发团队。 通过开展基差、波动率、期权等知识的内部培训与宣讲，搭建开发团队金融知识体系，降低需求沟通返工率。 •商品多因子策略 设计商品多因子量化功能，开发农产品价格驱动因子库，包含期限结构、库存、宏观经济、会员持仓、量价等关键指标，支持交易团队制定套利策略。 •工具开发 基于Python开发参数优化遗传算法，大幅提升参数优化计算速度，为小周期策略、策略组合的参数优化提供了前置条件。\", \"薪　　资\": \"16.5k\", \"employment_period\": \"（2022.04 - 2025.06, 3年2个月）\"}]'),('88ee966992H94165f7b4d12','2025-06-28 12:51:44.582093','2025-06-28 12:51:44.582114','[\'基金从业资格证\', \'CFA特许金融分析师三级\', \'FRM金融风险管理师二级\']','匹配中','[]','','[{\"salary\": \"20-21k×12薪\", \"location\": \"上海\", \"position\": \"量化研究\"}]','吕**',' | 男 30岁 上海 硕士 工作5年 保密 | 风险管理 交银施罗德基金管理有限公司','','[{\"project_name\": \"交银施罗德统一终端平台风控模块\", \"所在公司\": \"交银施罗德基金管理有限公司\", \"项目描述\": \"1、项目背景：公司传统风险管理系统主要依赖外部采购，存在功能分散、效率低、灵活性差等痛点，同时隐含较大的外包风险； 2、项目目标：基于公司自研的统一终端平台，将依赖于外部风险管理系统的功能集成到自研系统的风险管理模块内，达到提升风控效率，减少外包风险的目的； 3、项目概述：项目初期，主要负责梳理外部风控系统功能、总结系统使用痛点、设计系统优化方案。系统测试期，主要负责测试、验证数据准确性、系统稳定性以及功能完整性。功能上线后，主要负责数据准确性的跟踪校验、个性化需求的设计和沟通，以及版本迭代的测试和验证； 4、项目成果：风控模块上线后，集成静态风控、量化风控等主要功能，成功替代衡泰等外购系统，大幅提升风控效率和灵活性。该自研平台荣获央行“金融科技发展奖”。\", \"项目职务\": \"风险管理\", \"employment_period\": \"（2022.06 - 2024.03）\"}, {\"project_name\": \"太保产险智能分析预测平台\", \"所在公司\": \"中国太平洋财产保险股份有限公司\", \"项目描述\": \"1、项目背景：传统产险销售方式成本高、效率低，无法挖掘中高档客户的消费潜力。 2、项目目标：基于太保车险业务的行业领先地位，通过机器学习、人工智能等科技手段，加大对非车险产品的辐射带动，以达到降本增效的目的。 3、项目概述：首先对6000万+车险客户特征的分析，其次基于车险客户的个人特征、行为偏好等特点对数据进行处理，通过逻辑回归、XGBOOST、LGBM等模型算法，最终输出存量客户以及潜在客户对非车险产品的购买概率，帮助销售部门精准定位潜在客户。 4、项目成果：模型率先在太保湖北分公司上线使用，半年结果回顾显示有效降低营销费用近20%。\", \"项目职务\": \"分析与建模\", \"employment_period\": \"（2020.09 - 2020.12）\"}]','1、数学和金融复合背景，研究生就读于UCL的金融风险管理（金融工程类）专业；\n2、CFA、FRM，本科曾获得国际学生奖学金；\n3、熟练掌握市场风险、信用风险、操作性风险、流动性风险等主要风险的计量模型和管理框架；\n4、丰富数据建模经验，能够熟练使用SQL、Python等编程工具实现量化模型开发与建设；\n5、对于债券、股票、外汇以及各类衍生品的估值模型、VaR、ES等计量分析有扎实理论基础。','[\"量化分析\", \"数据统计分析\", \"数据建模\"]','在职，看看新机会','[]','[{\"company\": \"交银施罗德基金管理有限公司\", \"job_name\": \"风险管理\", \"职责业绩\": \"1、负责落实投资合规事前、事中和事后风险管理工作，包括恒生交易系统的合规风控阈值设置和维护、事后对于风控指标的监测以及对投资合规遵守情况的跟踪和提示等； 2、主导公募产品压力测试流程重构，基于公募组合持仓及Wind数据，使用Python开发压力测试框架，实现流程自动化，提升整体压测效率达95%以上； 3、协助建设公司自研系统的风险管理模块，梳理、设计系统需求文档，测试、验证及优化风控模块功能，保障新老系统过渡及自研系统迭代升级，提升风控效率50%以上； 4、负责搭建基金主题池校验机制，基于主题基金的投资目的和策略要求，使用Python构建基金持仓风格多维度校验逻辑，实现校验机制的0到1突破，降低风格漂移导致的合规和声誉风险； 5、负责建设基金产品业绩归因框架，基于估值凭证数据，拆解基金持仓收益率及业绩贡献，追踪分析业绩贡献排名靠后标的市场和舆情风险，有效降低投资风险。\", \"employment_period\": \"（2022.06 - 至今, 3年）\"}, {\"company\": \"中国太平洋财产保险股份有限公司\", \"job_name\": \"分析与建模\", \"下属人数\": \"0\", \"职责业绩\": \"1、负责精算准备金的月度结算、精算模型的系统开发和日常维护，通过管理内外部模型需求，优化数据处理程序，以及协调团队项目资源，提升精算准备金月结时效近30%； 2、协助建立产险智能分析预测平台，基于6000万+车险客户特征数据，使用Python和SQL语言，运用逻辑回归、LGBM等模型算法，识别潜在高档客户，降低营销费用近20%； 3、推动建设产险经营管理分析平台（驾驶舱），分析精算与财务风险指标，追踪资产负债端决策影响，维护月度、季度、年度关键风险指标（KRI），提升财精管理决策效率40%以上； 4、协助推进车险创新产品-UBI的测试与落地，监测驾驶行为数据，优化车险定价因子，管理精算风险模型，实现UBI在分公司上线试点时间提前近3个月。\", \"employment_period\": \"（2020.06 - 至今, 5年）\"}]'),('89e1926497H9a1b58794e16','2025-06-28 12:51:44.814342','2025-06-28 12:51:44.814361','[]','匹配中','[]','','[{\"salary\": \"20-30k×12薪\", \"location\": \"上海\", \"position\": \"行业研究\"}]','刘**','方便联系时间：随时联系 | 男 33岁 上海-浦东新区 博士 工作3年 保密 | 证券分析师 西部证券','','[{\"project_name\": \"琴澳综合发展指数体系研究\", \"项目描述\": \"一、简介：        该项目为本人在珠海市横琴智慧金融研究院任研究员时所负责的项目。本项目构建了横琴珠海横琴新区和澳门特别行政区两地综合发展情况的指标体系。指标体系主要分为三个大方面：        第一是琴澳综合发展指数体系，侧重构建琴澳两地综合性发展的指数评价体系；        第二是琴澳产业发展与创新指数体系，主要构建能够衡量琴澳两地的重点产业发展以及科技创新能力的指数体系；        第三是琴澳金融指数体系，侧重于构建多个能够衡量琴澳两地金融体系发展的指标。       本人为项目主要实际负责人，负责琴澳综合发展指数体系中各指标的构建与度量，对横琴新区和澳门特别行政区进行实地考察，以除导师第一作者身份撰写《琴澳综合发展指数体系研究》专著。 二、成果：        项目成果为专著《琴澳综合发展指数体系研究》，目前清华大学出版社已经排版完成，等待书号审批后印刷。\", \"项目职务\": \"实际负责人\", \"employment_period\": \"（2019.05 - 2020.05）\"}, {\"project_name\": \"大数据背景下股市泡沫预警体系研究\", \"项目描述\": \"一、简介： 本项目在大数据背景下构建完整有效的预警体系，用多维方法对股市泡沫预警。以股市不同行业板块的泡沫作为预警对象，采用指标预警、文本预警、统计预警、模型预警并行的多维方法，对破灭概率较大的泡沫进行事前预警，通过行为金融学、泡沫形成机理等方面挖掘泡沫形成原因并提出科学合理、 操作性较强的防范对策。 二、成果 该项目主要成果为研究报告，运用大数据详细构建了股市泡沫预警体系\", \"项目职务\": \"主要参加人员\", \"employment_period\": \"（2017.04 - 2019.12）\"}]','本人具备3年投研工作经验，在功能性粉体材料、水泥等新材料和传统周期建材板块均具备丰富的研究经验，深度研究能力强，勤奋、积极主动，能够持续通过增量研究和公司跟踪挖掘投资机会。所在团队曾荣获新财富第四名（2022、2023）等奖项。','[\"行业研究\", \"证券分析师\"]','在职，看看新机会','[]','[{\"company\": \"西部证券\", \"job_name\": \"证券分析师\", \"职责业绩\": \"担任化工新材料分析师\", \"employment_period\": \"（2024.04 - 至今, 1年2个月）\"}, {\"company\": \"中泰证券\", \"job_name\": \"行业研究\", \"职责业绩\": \"本人在中泰证券研究所建材&新材料团队任助理分析师、分析师，深度覆盖功能性粉体新材料、水泥、减隔震、铝模板、消费建材等板块及个股。 团队2022年荣获：新财富最佳分析师第4；卖方分析师水晶球奖总榜单第5、公募榜单第3；新浪金麒麟最佳分析师第4；中证报金牛奖第3；Wind金牌分析师第3；Choice最佳分析师团队奖第3、个人奖第2。\", \"employment_period\": \"（2021.07 - 2024.04, 2年9个月）\"}, {\"company\": \"吉林大学量化金融研究中心\", \"job_name\": \"研究员实习\", \"职责业绩\": \"1. 担任吉林大学量化金融研究中心兼职研究员，协助导师管理资金账户，投资 A 股; 2. 负责定增策略、多因子模型策略、ETF 策略等量化策略的开发; 3. 组织举办策略分享会，学习 Python 在金融投资领域的应用，探讨国外投资相关文章。\", \"employment_period\": \"（2016.02 - 2021.06, 5年4个月）\"}, {\"company\": \"珠海市横琴新区智慧金融研究院\", \"job_name\": \"研究院\", \"所在部门\": \"金融研究部\", \"职责业绩\": \"1. 担任研究院研究员，负责月度及季度研究报告的撰写; 2. 构建评价横琴新区和澳门经济金融发展指标评价体系，定期向政府部门发布指标结果; 3. 组织学术论坛，参与粤港澳大湾区各类论坛并进行相关研究成果汇报演讲; 4. 与横琴新区管委会、金融服务局开展研讨会，通过交流沟通，深入了解本地金融需求，并完成相关研究报告。\", \"employment_period\": \"（2019.02 - 2019.08, 6个月）\"}]'),('89e7926394F9a1d59784817','2025-06-28 12:51:45.100287','2025-06-28 12:51:45.100303','[]','匹配中','[]','','[{\"salary\": \"18-25k×12薪\", \"location\": \"北京\", \"position\": \"ERP实施顾问\"}]','德**','方便联系时间：随时联系 | 女 39岁 北京-石景山区 本科 工作16年 保密 | 软件项目经理 京北方信息技术股份有限公司','','[{\"project_name\": \"Saas公有云ERP系统项目\", \"项目描述\": \"1.熟悉用友BIP、YS公有云项目运营模式、实施、支持 2.覆盖模块范围广泛，包含财务、费控、财资、供应链、生产、协同、人力等\", \"项目职务\": \"\", \"employment_period\": \"（2019.01 - 至今）\"}, {\"project_name\": \"资金系统项目\", \"所在公司\": \"远光软件股份有限公司\", \"项目描述\": \"该项目为资金业务系统项目，主要规范客户在资金上的使用流程，实现资金统一管理以及资金总体动向的一个监控分析。\", \"项目职务\": \"ERP实施顾问\", \"项目职责\": \"系统配置、测试、用户培训以及系统运行维护。\", \"employment_period\": \"（2013.10 - 至今）\"}]','1.10余年大型软件公司实施经验，精通财务ERP、SaaS产品实施交付，主导多个央企级项目，兼具甲乙方项目经验；\n2.熟悉基础财务、财务共享、全面预算、费控管理、供应链等领域，擅长需求调研与系统落地规划；\n3.持有软考中级、ITIL、计算机高新技术认证，具备多领域系统集成能力；\n4.逻辑清晰，沟通高效，具备跨部门协作与项目管理经验。','[]','在职，急寻新工作','[]','[{\"company\": \"京北方信息技术股份有限公司\", \"job_name\": \"软件项目经理\", \"职责业绩\": \"1.负责工银Saas产品的人力领域、财资预算领域项目的实施交付和上线支持工作； 2.结合客户的信息化目标，梳理业务场景，规划系统落地，完成需求调研。 3.按需求完成配合完成产品售前讲解等。\", \"employment_period\": \"（2024.10 - 至今, 8个月）\"}, {\"company\": \"用友网络科技股份有限公司\", \"job_name\": \"客户成功CSM\", \"职责业绩\": \"1.担任客户成功经理，负责分公司重点客户的财务相关Saas项目上线后支持服务，以及实施工作； 2.主要负责业务领域包含财务，费控，资金，预算，供应链，人力，生产制造，协同等； 3.负责监控项目进展、协调项目资源，按期汇报项目进度。\", \"employment_period\": \"（2021.01 - 2024.08, 3年7个月）\"}, {\"company\": \"北京首钢自动化信息技术有限公司\", \"job_name\": \"项目经理\", \"职责业绩\": \"1.负责首钢集团财务一体化项目的实施管理，业务领域包含总涨、资金、全面预算、税务、BI展示； 2.负责内部用户需求整理，方案编写； 3.协助完成项目组及实施人员绩效考核； 4.负责与外部软件商对接协调；集团内工作汇报\", \"employment_period\": \"（2019.02 - 2022.02, 3年）\"}, {\"company\": \"远光软件股份有限公司\", \"job_name\": \"项目经理\", \"下属人数\": \"0\", \"工作地点\": \"北京\", \"职责业绩\": \"1、贯彻执行包括项目管理制度在内的公司各项规章制度。 2、合理调度资源，控制项目成本，实现项目经营管理目标。 3、负责编制项目实施计划，协调资源并按计划推进项目实施工作，按时按质交付实施成果。 4、负责客户关系发展与维护，协助公司开展商务工作。 5、负责与项目相关事项的跨部门及外部协调与处理。\", \"employment_period\": \"（2016.01 - 2019.01, 3年）\"}, {\"company\": \"远光软件股份有限公司\", \"job_name\": \"ERP实施顾问\", \"下属人数\": \"0\", \"工作地点\": \"北京\", \"职责业绩\": \"1.负责财务及相关延伸项目系统的配置  2.负责系统上线前的客户培训、项目文档总结等；  3.负责运维过程中的程序报错跟踪及问题解决 4.负责分配组内资源，安排实施计划\", \"employment_period\": \"（2009.07 - 2015.12, 6年5个月）\"}]'),('89ee956c98B9a16507a4718','2025-06-28 12:51:45.348115','2025-06-28 12:51:45.348131','[]','匹配中','[]','','[{\"salary\": \"12-24k×15薪\", \"location\": \"上海\", \"position\": \"Java\"}]','施**','方便联系时间：随时联系 | 女 27岁 上海 硕士 工作3年 保密 | 基金研究 中欧基金','','[{\"project_name\": \"校园商铺秒杀项目\", \"项目描述\": \"项目描述：本项目主要针对秒杀的场景进行的开发工作，其中包含用户登陆、商品的功能模块、秒杀下单等模块，用户可以在商城页面内浏览商品，在秒杀时间段内进行下单支付等操作，管理员可以对商城内的商品列表进行增删改查操作。 技术架构：SpringBoot+SpringMVC+Mybatis+MySQL+Redis 项目内容：1. 基于 session 辅助用户完成注册登录等操作；  2. 订单系统负责商品订单的产生，调用 Mybatis 的注解开发完成对数据库的查询；  3. 秒杀接口优化，采用 redis 预减库存及内存标记，减少数据库和缓存压力，实现 MQ 异步下单。\", \"项目职务\": \"组长\", \"项目职责\": \"本项目主要负责人，负责项目开发\", \"employment_period\": \"（2021.11 - 2022.02）\"}]','拥有扎实的专业知识，较强的学习能力\n能迅速适应各种环境并完成挑战性工作','[]','离职，正在找工作','[]','[{\"company\": \"中欧基金\", \"job_name\": \"基金研究\", \"职责业绩\": \"1 搭建基金分析框架，负责单只基金的页面原型设计，深入挖掘持仓信息进行风格识别和业绩归因； 2 构建基金经理分析框架，挖掘基金经理评价指标，对基金经理的投资能力进行刻画； 3.连接wind数据库api接口，对后端数据进行指标建模，并在前端界面上进行可视化呈现。\", \"employment_period\": \"（2022.07 - 2022.08, 1个月）\"}, {\"company\": \"中国平安\", \"job_name\": \"量化研究员\", \"职责业绩\": \"1. 日常进行数据库的维护更新，为其他部门提供量化分析、数据分析与挖掘技术支持，模型算法等服务； 2. 独立完成了基于K线图的技术曲线分析模型，基于历史上不同技术形态出现的数据计算相关胜率赔率，并被用作部门晨会量化分析技术指标的重要部分； 3. 参与负责基本面中财务因子的挖掘工作，熟悉相关财务指标开发新的预测信号，并运用深度学习进行量化投资策略和深度神经网络的设计、开发和管理； 4. 利用遗传算法进行价量因子的挖掘，对IC值和第一分组超额收益进行回测，筛选得到近10个相关性较低的有效因子； 5. 参与公司量化交易系统、回测平台、数据平台的开发、优化与维护工作；\", \"employment_period\": \"（2021.09 - 2022.06, 9个月）\"}, {\"company\": \"上海兆前投资管理公司\", \"job_name\": \"数据分析\", \"职责业绩\": \"1. 负责每日期权相关交易数据收集、清洗、整理，进行可视化分析，撰写形成研究报告； 2. 编制隐含波动率计算程序，构建波动率择时模型，挖掘出了有效因子，并成功应用于实盘操作中； 3. 以theta最小为目标函数，其他风险因子暴露约束为条件，构建最优持仓组合模型，得到程序化期权投资策略，并进行模拟回测，效果甚好； 4. 对于雪球产品进行研究，利用蒙特卡洛模拟法对收益路径进行模拟，清楚地剖析了雪球产品的结构，构建了雪球产品中隐含奇异期权的定价模型，并通过计算其delta来进行风险衡量。\", \"employment_period\": \"（2021.05 - 2021.09, 4个月）\"}, {\"company\": \"赢彻科技（上海）有限公司\", \"job_name\": \"Python开发工程师\", \"职责业绩\": \"1. 负责数据的挖掘分析、算法建模与数据结果可视化等工作； 2. 针对不同无人驾驶道路状况，构建模型对车辆数据进行分析，判别车辆是否处于安全驾驶中。\", \"employment_period\": \"（2021.02 - 2021.04, 2个月）\"}]'),('8be09c679bQ971c5b7c4b14','2025-06-28 11:58:02.485530','2025-06-28 11:58:02.485555','[\'托福91-100分\', \'CFA特许金融分析师二级\', \'FRM金融风险管理师二级\']','匹配中','[]','','[{\"salary\": \"13-15k×12薪\", \"location\": \"上海\", \"position\": \"量化研究\"}]','周**','方便联系时间：随时联系 | 男 27岁 杭州 硕士 工作3年 8k | 风险管理岗 国海良时期货有限公司','','[{\"project_name\": \"期货市场量化研究\", \"项目描述\": \"独立构建系统化的研究框架，涵盖数据获取、清洗、特征工程、模型构建、策略优化等多个环节。主要工作包括： • 研究框架搭建与数据管理：目前搭建了基于期货有色品种的基本面和量化研究数据库，涵盖 行情、宏观经济指标及上下游基本面数据，实现自动化更新与预处理。 • 量化策略开发及应用：基于供给、需求、库存、价差及宏观五大维度，设计系统化量化基本 面研究框架。运用 Python 编程语言，结合 XGBoost、遗传规划等先进算法构建量化模型，以 优化交易策略的效果。设计并实施多层次的回测验证，确保策略在不同市场环境下的稳健性 和可靠性。 • 完整策略搭建及研究报告输出：具备独立撰写详尽研究报告的能力，精细分析市场动态并提 供深入见解， 目前建有《基于 XGboost 的期货单品种研究报告》《遗传规划在 CTA 信号挖掘 中的应用》《基于期权隐含波动率的交易策略研究》《价差因子及其套利应用》\", \"项目职务\": \"\", \"employment_period\": \"（2024.02 - 至今）\"}, {\"project_name\": \"worldquant（世坤）alpha研究\", \"所在公司\": \"世坤投资咨询\", \"项目描述\": \"参加世坤（worldquant）alpha challenge 项目并获取成为顾问资格，已提交 60 余个涉及国内和国外市场因子， 因子覆盖动量反转因子、优加换手率因子、跳跃因子等方面。\", \"项目职务\": \"\", \"employment_period\": \"（2024.01 - 至今）\"}]','具备较强的自我驱动：虽然目前工作内容主要在期货全面风险管理方面，但自身保持对量化领域的热爱，利用业余时间尝试挖掘可交易量化因子，搭建量化模型，力求通过不断学习与实践提升自己的研究水平。熟练的计算机语言方面：基于学生时期主修课程涉及金工相关计算机语言学习，并保持每日进行一定量的代码编写确保，熟练掌握 Python 等主流量化工具。具备扎实的金融知识储备。已通过多项国际认可的金融证书考试，，进一步巩固了我在金融衍生品领域的专业能力。这些经验使我在量化研究与金融市场分析中能够保持敏锐洞察力，并持续为研究工作注入新思路','[\"风险管理\", \"cfa\", \"frm\"]','在职，急寻新工作','[]','[{\"company\": \"国海良时期货有限公司\", \"job_name\": \"风险管理岗\", \"下属人数\": \"0\", \"职位类别\": \"风险管理/控制\", \"职责业绩\": \"1. 定期报告：撰写公司风险监测月报、管理月报、协同报告等，并按母公司及其他监管部门的要求出具风险管理报告； 2. 全面风险管理：组织并开展全公司范围内的压力测试共计八次，期间也曾参与公司风险限额指标的制定工作，主要负责公司风险自评估以及资管、自有资金投资业务中信用、操作风险自查等风险控制工作； 3. 量化风控：每日核对场外组合头寸的对冲情况及敞口状况，通过敞口监控及 VAR 模型对场外业务的市场风险进行日度风险监控，定期开展基于市场行情、波动率变动假定的情景分析\", \"薪　　资\": \"8k\", \"employment_period\": \"（2021.10 - 至今, 3年8个月）\"}]'),('8be193669eeeN921b5a7f4a10','2025-06-28 12:37:18.814706','2025-06-28 12:37:18.814725','[]','匹配中','[]','','[{\"salary\": \"14-22k×14薪\", \"location\": \"上海\", \"position\": \"Golang\"}]','罗**','方便联系时间：随时联系 | 男 27岁 上海-浦东新区 本科 工作5年 14k · 14薪 | Cocos2d-x客户端开发 汉堂软件工程(上海)有限公司','','[{\"project_name\": \"个人开源项目\", \"项目描述\": \"个人博客 http://www.ionasal.online/ https://github.com/Spirild/jpstudy-back/tree/jpback：日语单词本后端 https://github.com/Spirild/jpstudy-front：日语单词本前端 近期有日语学习的需求，顺手完成的项目，网页端。后端 golang，前端vue，普通mvc（数据层、展现层、控制层）结构。个人代码风格展现一环。\", \"项目职务\": \"\", \"employment_period\": \"（2024.03 - 至今）\"}]','一位坚持不懈且涉猎广泛的玩家，需求到哪学到哪的性格。对新技术的学习相当积极，上手极快。力图将\n实用技术高效地投入日常实践中；将这些惊喜分享至生活中的种种。','[]','在职，暂无跳槽打算','[]','[{\"company\": \"汉堂软件工程(上海)有限公司\", \"job_name\": \"Cocos2d-x客户端开发\", \"下属人数\": \"0\", \"职责业绩\": \"网易互娱客户端开发；\", \"employment_period\": \"（2024.09 - 至今, 9个月）\"}, {\"company\": \"外企德科\", \"job_name\": \"Python开发工程师\", \"职责业绩\": \"工作内容为华为devops一环，保证上线产品合规安全。使用python对jenkins等流水线产品进行解包与分析；使用docker以在容器中运行测试，来对各架构linux进行兼容。最终保证各产品线高效低漏洞交付产品。\", \"employment_period\": \"（2024.07 - 至今, 11个月）\"}, {\"company\": \"赫鲁丝网络\", \"job_name\": \"游戏服务端开发工程师\", \"职责业绩\": \"职责：签到、匹配一类的功能开发，对上线内容维护、debug；gm工具测试开发，提升测试环节效率；内部技术文档搭建，对历史代码优化整合； 技术栈：golang, websocket, mongodb+redis，c#； 结果：推动项目从开发期到买量测试期；测试流程每天节约2小时；后来者可以在3天内熟悉项目架构；\", \"employment_period\": \"（2023.08 - 2024.01, 5个月）\"}, {\"company\": \"上海联恩互联网公司\", \"job_name\": \"Python数据开发工程师\", \"职责业绩\": \"b端业务，参与公司数仓ETL从无到有的搭建过程 职责：通过rpa、阿里提供权限的api中获取数据于mongodb中；根据业务需求创建细化的mysql表，将数据加工洗入；通过django提供数据查看的窗口，并用nginx部署于linux服务器上；通过vue、powerbi等展示数据，或是通过odbc直接导出至excel中； 技术栈：python, django, mysql，clickhouse, vue 结果：数仓从无到有，对早期技术栈、表结构等进行确定；极大精简人力做表时间，原先大促期间需花数小时处理的百万级账单数据，优化至5分钟内完成。\", \"employment_period\": \"（2020.06 - 2023.06, 3年）\"}]'),('8be194689eG971b5c7c4e14','2025-06-28 12:37:19.097958','2025-06-28 12:37:19.097976','[]','匹配中','[]','','[{\"salary\": \"16-22k×14薪\", \"location\": \"上海\", \"position\": \"Python\"}]','叶**','方便联系时间：随时联系 | 男 29岁 厦门 硕士 工作5年 18k · 15薪 | 量化研究 国贸期货','','[]','','[\"c++\", \"python\"]','在职，看看新机会','[]','[{\"company\": \"国贸期货\", \"job_name\": \"量化研究\", \"职位类别\": \"量化研究\", \"职责业绩\": \"1、负责量化交易策略的研究与开发，利用统计学及机器学习方法分析市场数据，寻找交易机会。 2、持续跟踪并评估交易策略的执行效果，根据市场变化进行策略优化。 3、构建并维护高效的量化交易平台，确保交易流程的自动化与准确性。 4、深入研究金融市场动态，探索新的量化模型和技术应用。\", \"薪　　资\": \"18k · 15薪\", \"employment_period\": \"（2023.03 - 至今, 2年3个月）\"}, {\"company\": \"正保教育集团\", \"job_name\": \"研究院\", \"所在部门\": \"财税大数据与人工智能平台研发中心\", \"职责业绩\": \"负责 python 大数据基础、机器学习、深度学习等领域的平台开发及线下课程支持。\", \"employment_period\": \"（2022.06 - 2023.03, 9个月）\"}, {\"company\": \"天健咨询\", \"job_name\": \"研究助理\", \"所在部门\": \"财务舞弊中心\", \"职责业绩\": \"利用机器学习算法评估公司及公司债券财务舞弊概率预测。\", \"employment_period\": \"（2021.05 - 2022.05, 1年）\"}, {\"company\": \"福州理工学院\", \"job_name\": \"经济系教师\", \"职责业绩\": \"负责微观经济学和计量经济学相关课程教学。\", \"employment_period\": \"（2020.07 - 2021.05, 10个月）\"}]'),('8be599659cV971a5d7b4b10','2025-06-27 13:48:27.041364','2025-06-28 08:19:29.728628','[]','匹配中','[{\"time\": \"2014.09-2018.06\", \"school\": \"北京理工大学\", \"details\": \"电子信息\"}]','','[{\"salary\": \"55-60k×15薪\", \"location\": \"上海\", \"position\": \"产品经理\"}]','方**','方便联系时间：随时联系 | 男 29岁 上海 硕士 工作6年 保密 | 数据科学经理，搜索与推荐 Coupang','','[{\"project_name\": \"搜索推荐流量策略优化\", \"employment_period\": \"（2023.05 - 至今）\"}, {\"project_name\": \"搜索数据基建和产品分析\", \"employment_period\": \"（2023.05 - 至今）\"}]','1. 互联网国际化出海行业及外企咨询背景，具备跨国团队协作与团队管理能力。\r\n\r\n2. 7年数据科学与管理咨询工作经验，在搜索推荐、用户增长、金融科技成功推动多个项目并取得显著成果。\r\n\r\n3. 在ToB企业服务领域有丰富的AI解决方案交付经验，领导从需求诊断、模型开发到客户关系维护的全周期管理。','[\"sql\", \"咨询\", \"人工智能\", \"机器学习\", \"数据分析\"]','在职，急寻新工作','[]','[{\"company\": \"Coupang\", \"job_name\": \"数据科学经理，搜索与推荐\", \"employment_period\": \"（2024.03 - 至今, 1年3个月）\"}, {\"company\": \"Coupang\", \"job_name\": \"数据科学经理\", \"employment_period\": \"（2024.03 - 至今, 1年3个月）\"}, {\"company\": \"字节跳动\", \"job_name\": \"数据科学家\", \"employment_period\": \"（2022.04 - 至今, 3年2个月）\"}, {\"company\": \"字节跳动\", \"job_name\": \"数据科学家，TikTok电商数据科学\", \"employment_period\": \"（2022.04 - 2024.02, 1年10个月）\"}, {\"company\": \"Opera Solutions\", \"job_name\": \"分析主管，数据科学\", \"employment_period\": \"（2018.08 - 2022.04, 3年8个月）\"}]'),('8be59a649ee7C921a5b7c4c13','2025-06-28 11:58:02.763424','2025-06-28 11:58:02.763441','[]','匹配中','[]','','[{\"salary\": \"12-13k×12薪\", \"location\": \"上海\", \"position\": \"证券交易员\"}]','孟**','方便联系时间：随时联系 | 女 27岁 上海 硕士 工作3年 | 销售交易 华福证券','','[{\"project_name\": \"量化策略开发\", \"所在公司\": \"国信证券股份有限公司\", \"项目业绩\": \"1）分析国债期货小时线数据，构建量化交易策略；在不同的价格波动率下，运用MACD, 布林线等多项技术指标执行趋势捕捉，反向做多/做空等不同交易指令，该策略2018-2021回测累计收益41倍 2）针对国债期货十分钟线数据，构建ARIMA, EGARCH模型来预测收盘价格和其波动率；将价格和波动率预测值与MLF, 同业存单等其他因子结合，构建XGB等机器学习交易策略，2020-2021回测累计收益达到108倍，夏普比率6.4\", \"项目描述\": \"运用历史数据构建机器学习模型，为固收交易提供投资交易策略 对数据处理分析，运用Python Backtrader库构建量化模型，优化回测框架以及评估量化策略 跟踪并熟悉整个债券市场；搜集数据并分析利率债和信用债行情；结合宏观经济基本面等因素，提供投资策略的建议；\", \"项目职务\": \"策略开发助理\", \"employment_period\": \"（2021.04 - 2021.07）\"}, {\"project_name\": \"业务流程优化\", \"所在公司\": \"AGL Energy\", \"项目描述\": \"1）与公司客户沟通调研，与组员协调沟通，进行任务分配，制定工作框架和任务时间表 2）预处理，清洁，可视化系统日志数据， 构建机器学习模型对异常业务进行分类；找出主要异常业务的行为模式。 3）搜集查找相关业务资料，结合资料定性分析产生异常的原因，针对性给出建议，并将其汇总成研究报告向员工展示讲解；结论帮助AGL减少5%人工成本\", \"项目职务\": \"数据分析员\", \"employment_period\": \"（2020.09 - 2020.12）\"}]','1）三年货币市场以及现券交易经验，有较强的交易执行能力和应变能力，熟练解决交易问题\n2）具备丰富的交易对手资源, 擅于挖掘拓展维护交易对手和客户\n3）结合传统市场分析和量化方法，持续构建并完善投资交易框架，具有良好的市场分批判断能力和应变能力\n4）团队合作经验丰富，有很强的协调沟通，语言表达能力\n5）有韧性，抗压能力强，适应性强，有较强的时间管理能力，能够快速学习新知识和新业务\n6）性格外向，开朗，乐观，喜欢与他人打交道；热爱团体运动比如网球，飞盘\n7）精通汉语，英语；精通Python, R, SQL, Excel, MS Office, SAS, Matlab, Tableau','[]','在职，看看新机会','[]','[{\"company\": \"华福证券\", \"job_name\": \"销售交易\", \"职责业绩\": \"* 执行全品种债券二级撮合交易，执行银行间交易，平均月度成交额5亿元 * 自主开发50+家机构黏性客户（含银行、资管机构、农商行等）发展成为长期交易对手，成为其固收产品核心流动性服务商 * 设计客户分层服务体系，通过定制化对冲策略与实时市场解读，提升客户复购交易频率40% * 搭建机构客户地方债二级撮合解决方案，运用python绘制收益率曲线图，帮助客户复盘，提供投资建议，降低客户交易成本 * 研究量化交易策略，结合国债期货数据，为客户提供利率活跃券走势预测，达到年化收益18% * 撰写风控日报，协助部门进行合规风控自检 * 与一级市场部门和客需部门联动，协助进行分销、募集、一级半等业务\", \"employment_period\": \"（2025.02 - 至今, 4个月）\"}, {\"company\": \"上海国际货币经纪有限责任公司\", \"job_name\": \"经纪人\", \"工作地点\": \"上海\", \"职责业绩\": \"* 协助银行进行存单一级发行的询价，询量，募集；针对不同机构推销存单并帮助客户进行存单一级直投，代投和一级半交易； * 帮助客户进行资金回购，拆借；依据丰富的交易对手资源为客户借到价格合适资金，持续跟踪并更新货币市场资金面； * 对接各金融机构进行存单二级询价，报价，撮合达成交易；提前预判市场价格走势，为经理提供买卖建议；针对不同交易盘和配置盘需求进行个性化询价和推券； * 协助构建货币市场农商组，为部门拓展挖掘并激活超过100家农商行及中小型机构，将多家机构从无交易转变为黏性客户并多次帮助化解交易问题；持续拓展维护不同交易对手，保持客户活跃度； * 承担存单一级二级市场80%过券做市和代付业务，与超过10家做市商紧密合作互帮互助，依据不同机构交易对手和交易需求熟练安排过券，每日催发前后台，多次在紧急时刻解决交易问题；  * 承担货币市场跨部门合作业务，与利率债、信用债、资本中介等部门合作交易，依据客户的需求推荐或挂出现券，为客户提供更丰富的产品，提高机构和同事的交易效率； * 结合不同固收产品进行市场分析，持续跟踪固收市场动态，收集最新市场信息及情绪，把握价格走势，撰写日评分析供客户参考，提出投资交易建议并构建投资交易框架； * 负责部门新入职员工的培养，帮助其熟悉固收市场交易并迅速适应经纪人工作节奏；协助举行公司工会及同业活动，提高团队合作效率，并持续拓展同业交易对手\", \"employment_period\": \"（2021.11 - 2025.02, 3年3个月）\"}, {\"company\": \"国信证券股份有限公司\", \"job_name\": \"策略开发助理\", \"工作地点\": \"上海\", \"所在部门\": \"证券投资总部\", \"职责业绩\": \"对数据处理分析，运用Python Backtrader库构建量化模型，优化回测框架并评估量化策略 跟踪并熟悉整个债券市场；搜集数据并分析利率债和信用债行情；结合宏观经济基本面等因素，提供投资策略的建议； 分析国债期货数据，构建量化交易策略；运用MACD, 布林线等多项技术指标执行趋势捕捉，结合不同因子，构建ARIMA, EGARCH模型来 预测收盘价格和其波动率，达到2018-2021回测累计收益41倍，夏普比率6.4\", \"employment_period\": \"（2021.04 - 2021.07, 3个月）\"}, {\"company\": \"AGL Energy\", \"job_name\": \"数据分析员\", \"所在部门\": \"业务部\", \"职责业绩\": \"与公司客户沟通调研，与组员协调沟通，进行任务分配，制定工作框架和任务时间表 处理并可视化系统日志大数据， 构建机器学习模型；结合资料定性分析产生异常的原因，并将其汇总成研究报告向员工展示讲解；结论帮助AGL减少5%人工成本\", \"employment_period\": \"（2020.09 - 2020.12, 3个月）\"}, {\"company\": \"浙商证券股份有限公司\", \"job_name\": \"量化分析员\", \"工作地点\": \"上海\", \"所在部门\": \"Ficc事业部\", \"职责业绩\": \"搜集并阅读相关研究报告和资料文献，找出潜在有用因子；收集历史数据并运用回归分析构建多因子模型进行条件选股 测评并帮助其余员工运用QuantOS, Backtrader等量化开源系统，整体提升10%工作效率 每日搜集固收市场信息，跟踪债券市场情绪，协助构建投资交易框架；将信息整理汇报；发放会议通知，准备会议文件，协助每周会议顺利\", \"employment_period\": \"（2018.06 - 2018.09, 3个月）\"}]'),('8be7996395e7L921d5d7a4d16','2025-06-28 12:37:19.496662','2025-06-28 12:37:19.496683','[]','匹配中','[]','','[{\"salary\": \"23-26k×13薪\", \"location\": \"上海\", \"position\": \"Java\"}]','于**','方便联系时间：随时联系 | 男 27岁 上海 硕士 工作3年 保密 | 数据中台-软件开发工程师 宁波森浦融讯科技有限公司','','[{\"project_name\": \"SpringBoot自动化转档系统\", \"项目业绩\": \"SpringBoot自动化转档系统\", \"项目描述\": \"基于SpringBoot的开发，根据表配置和请求到的债券数据定时写入到数据库；实现零硬编码，使用类反射实现根据配置自动写入数据，使用JDBC实现批量插入提高写入效率\", \"项目职务\": \"\", \"employment_period\": \"（2025.02 - 至今）\"}, {\"project_name\": \"基于SpringBoot+Dubbo分布式债券数据实时计算引擎\", \"项目业绩\": \"基于SpringBoot+Dubbo分布式债券数据实时计算引擎\", \"项目描述\": \"实时计算平台的指标和报表开发，基于分布式架构开发高性能指标计算引擎，实现单次10万条债券数据在100ms内完成复合指标计算；设计基于SQL-like DSL的指标定义语言，支持动态指标配置与分布式执行计划生成，通过语法树解析优化查询效率；主导性能调优：通过对象池技术减少60%临时对象创建；消除包装类自动装箱操作降低30%GC频率；建立慢查询监控系统（Prometheu s+Grafana）定位优化瓶颈；优化MySQL索引策略，针对债券期限结构、信用评级等关键维度建立组合索引，复杂条件查询性能提升\", \"项目职务\": \"\", \"employment_period\": \"（2024.02 - 至今）\"}]','专业技能\n精通JAVA、Python、Kotlin语言，擅长Web开发和容器开发; 熟悉消息中间件RabbitMQ、Kafka\n熟悉分布式框架Dubbo、Zookeeper等组件\n熟悉Restful开发规范、Linux系统使用。熟悉Docker、Nginx等部署工具\n熟悉医疗影像DICOM相关的数据结构，并熟悉DICOMweb传输协议\n熟悉债券、股票、基金等金融产品的数据管理\n了解人工智能，机器学习，知识表达方法，数据挖掘，爬虫等技术\n了解gRPC、多线程、虚拟化技术','[]','在职，看看新机会','[]','[{\"company\": \"宁波森浦融讯科技有限公司\", \"job_name\": \"数据中台-软件开发工程师\", \"下属人数\": \"0\", \"工作地点\": \"上海\", \"职责业绩\": \"实时计算平台的指标和报表开发，分布式架构开发高性能指标计算引擎，实现单次10万条债券数据在100ms内完成复合指标计算；性能调优：通过对象池技术减少60%临时对象创建；消除包装类自动装箱操作降低30%GC频率；建立慢查询监控系统（Prometheus+Grafana）定位优化瓶颈，使用Druid组件监控连接池；优化MySQL索引策略，针对债券期限结构、信用评级等关键维度建立组合索引，复杂条件查询性能提升\", \"employment_period\": \"（2024.02 - 至今, 1年4个月）\"}, {\"company\": \"宁波森浦融讯科技有限公司\", \"job_name\": \"数据中台-软件开发工程师\", \"职责业绩\": \"负责债券相关的指标和报表等数据接口的开发\", \"employment_period\": \"（2024.02 - 至今, 1年4个月）\"}, {\"company\": \"上海志御软件信息有限公司\", \"job_name\": \"后端开发工程师\", \"下属人数\": \"0\", \"工作地点\": \"上海\", \"职责业绩\": \"负责公司Web项目后端的接口开发和容器化部署，维护公司核心项目运行；配合算法工程师，处理医疗影像算法相关的功能开发，例如图像的预处理、预测结果的后处理；开发PyQt转档数据客户端、开发轻量化本地Web服务用于预测结构的3D模型的展示；开发gRPC容器调用算法代码，实现运行预测代码的环境隔离和拓展优化\", \"employment_period\": \"（2021.11 - 2024.01, 2年2个月）\"}, {\"company\": \"浙江移动杭州分公司\", \"job_name\": \"产品经理-轮岗\", \"职责业绩\": \"试用期轮岗，主要对接移动卡、宽带业务\", \"employment_period\": \"（2021.07 - 2021.10, 3个月）\"}]'),('8be79f6a9aO971d5e784b14','2025-06-28 11:58:03.085309','2025-06-28 11:58:03.085382','[]','匹配中','[]','','[{\"salary\": \"25-35k×24薪\", \"location\": \"上海\", \"position\": \"基金/证券资产管理\"}]','刘**','方便联系时间：随时联系 | 男 32岁 北京 博士 工作4年 保密 | 资产配置研究员 华富基金','','[{\"project_name\": \"实习\", \"所在公司\": \"中国国际金融有限公司\", \"项目描述\": \"中国国际金融有限公司实习\", \"项目职务\": \"资产管理部权益组实习生\", \"项目职责\": \"1、对光伏、风电行业进行深度研究，独立撰写行业研究报告 2、完成若干份科创板上市企业简报，并协助完成其他的数据搜集、整理等日常工作\", \"employment_period\": \"（2019.02 - 2019.05）\"}, {\"project_name\": \"实习\", \"所在公司\": \"中国证监会\", \"项目描述\": \"中国证券监督管理委员会实习\", \"项目职务\": \"研究中心宏观部实习生\", \"项目职责\": \"1、参与我国资本市场直接融资、债券市场刚性兑付2项课题，协助撰写《上市公司债券违约的特点、原因及分析》、《关于直接融资的深入思考与实证分析》等3份研究报告 2、参与A股IPO制度、中美贸易战、欧元区债务危机3项课题，负责相关数据的搜集、计算与分析\", \"employment_period\": \"（2018.04 - 2018.07）\"}]','1、具备编程能力，熟练使用Python、R语言、WindAPI\n2、具备国内外学术文献的阅读和研究能力','[\"资产配置\", \"编程\", \"fof\"]','在职，暂无跳槽打算','[]','[{\"company\": \"华富基金\", \"job_name\": \"资产配置研究员\", \"工作地点\": \"上海-浦东新区\", \"所在部门\": \"FOF投资部\", \"职责业绩\": \"1、进行全球资产配置研究：跟踪海内外宏观情况，对海内外市场（中国、美国、日本、印度等）的股、债、商品（黄金、原油）等各类资产进行跟踪和研究，给出资产配置建议。 2、根据研究成果形成投资策略、开发量化配置模型等，并管理自身模拟组合。\", \"employment_period\": \"（2023.06 - 至今, 2年）\"}, {\"company\": \"民生加银基金管理有限公司\", \"job_name\": \"宏观与资产配置研究员\", \"下属人数\": \"0\", \"所在部门\": \"资产配置部\", \"职责业绩\": \"1、搭建风险预算、Nowcasting等量化模型，对经济数据预测与资产配置提供量化参考；建立宏观分析体系，形成“周期论+政策目标”的宏观分析与配置框架；搭建中观分析体系，形成围绕基本面、政策面、技术面的风格分析和行业选择框架；构建国内外宏观、中观、情绪等多个指标监测数据库。综合以上模型、框架以及日常跟踪，形成大势判断和资产配置建议。成果方面，重点提示到了2022年年初的系统性下跌、年末的疫情政策转变和风格切换，以及看多2023年行情等一系列事件和机会。 2、负责研究跟踪宏观与市场动态并提供策略建议：对海内外宏观情况进行跟踪研究，及时汇报重要的市场动态和市场变化；每周组会进行一周市场回顾和点评，汇报后续大盘、风格以及行业配置观点，每月投决会汇报资产配置观点（股、债、商品），每月讨论会进行研究成果分享，并形成篇研究报告。 3、研究跟踪部分行业并提供相关配置建议：根据投资需求，对部分行业进行一定的研究和跟踪，目前已跟踪过整车、地产、计算机等行业，同时对新能源、煤炭、军工、医药、养殖等也有了解。成果方面，2022年重点提示到了年底信创的布局机会，以及新能源车的下跌风险。 4、协助完成其他事务性工作：配合市场部门完成直播、路演，协助基金经理撰写基金季报、市场观点、组合标的监控等。\", \"employment_period\": \"（2021.11 - 2023.06, 1年7个月）\"}, {\"company\": \"上海东方证券资产管理有限公司\", \"job_name\": \"宏观战略和产品研究\", \"下属人数\": \"0\", \"所在部门\": \"产品部\", \"职责业绩\": \"1、负责宏观与战略研究：围绕宏观环境及政策变化，以公司发展为落脚点提供发展布局策略和建议，具体针对QDII、短债基金、固收+、公募C类份额、量化对冲基金等方面撰写了多篇研究分析报告。 2、负责基金业绩和基金经理风格研究：独自构建基金经理“四风格”模型、对基金经理季度调仓情况实现程序可视化、搭建全市场偏股基金持仓数据库等。 3、参与内部基金经理调研：定量、定性的对本公司以及全市场基金进行分析对比，判断和提炼本公司基金产品特点和基金经理投资风格，为公司在多个产品的宣传推介方面提供研究支持。\", \"employment_period\": \"（2020.07 - 2021.10, 1年3个月）\"}]'),('8be89a6992K971e5c7c4f16','2025-06-28 12:37:18.556852','2025-06-28 12:37:18.556878','[\'FRM金融风险管理师二级\', \'大学英语六级\', \'证券从业资格证\', \'基金从业资格证\', \'期货从业资格证\', \'会计初级职称\', \'AQF\', \'CDA\']','匹配中','[]','','[{\"salary\": \"10-15k×12薪\", \"location\": \"上海\", \"position\": \"数据分析师\"}]','刘**','方便联系时间：随时联系 | 男 27岁 上海 硕士 工作2年 | 数据分析师 上海尚投信息服务有限公司','','[{\"project_name\": \"终端分期产品潜客挖掘模型\", \"所在公司\": \"上海硕恩网络科技股份有限公司\", \"项目描述\": \"项目概述：将目前只在运营商政企大客户实施的产品推广到小客户上，旨在扩大运营商的产品营销范围与营业收入。 项目职责： 1. 数据获取与数据探查：综合运营商、资方、支付公司等提供的数据，筛选可以用于建模的数据。 2. 特征构建：构建受企业规模影响较低的比例型变量100+，使用IV值筛选得到对企业规模影响低的变量，最终选出38个变量。 3. 模型构建：构建PSM技术与重采样技术的样本匹配模型，最终从100w+客户中选出了9.3w客户适合发展终端分期产品。模型AUC为0.97，KS为0.85。构建基于平衡样本的逻辑回归模型，结合评分卡技术，进一步挑选优质潜客发展终端分期产品。模型AUC为0.8，KS为0.52。 4. 模型实施：为运营商提供优质潜客清单，模型已取得运营商江苏省、山东省分公司认可。\", \"项目职务\": \"项目负责人\", \"employment_period\": \"（2024.10 - 2024.12）\"}, {\"project_name\": \"客户信用评级模型\", \"所在公司\": \"上海硕恩网络科技股份有限公司\", \"项目描述\": \"项目概述：通过政企客户的欠费、工商、业务等维度的表现，分析不同客群未来6个月内发生M2+（有效逾期）的概率，旨在优化运营商对存量客户的业务管理能力。 项目职责： 1. 特征工程：基于运营商特征变量库（1000+个）与目标变量，使用WOE+IV进行变量加工与变量筛选，最终选定11个入模变量 2. 模型构建：基于平衡样本的逻辑回归模型，结合评分卡技术，为大、小客户分别制定一套评分卡，用于评估客户的信用评分，模型AUC均在0.87以上，KS均在0.55以上 3. 模型实施：为运营商提供存量客户信用评级清单，与运营商内部评级结果比对后，运营商已将模型结果合并入内部风控模型。\", \"项目职务\": \"项目负责人\", \"employment_period\": \"（2024.08 - 2024.10）\"}]','1.统计学基础扎实：熟悉常用机器学习/深度学习模型，如线性回归、决策树、随机森林、Transformer等，并具备项目中的应用经历；掌握参数调优、模型融合、超参数搜索等技巧，能根据业务场景调整模型底层代码。\n2. 掌握多种数据分析工具：掌握Python、mySQL等编程语言，掌握常用的库和分析框架，如NumPy、Pandas、sklearn、TensorFlow、PyTorch等；可以熟练使用Office、Tableau、FineBI等工具制作可视化报表。\n3. 具备良好的沟通能力和表达能力，能够独立开展数据分析工作。','[\"python\", \"sql\", \"机器学习\", \"深度学习\", \"量化投资\"]','在职，急寻新工作','[]','[{\"company\": \"上海尚投信息服务有限公司\", \"job_name\": \"数据分析师\", \"职责业绩\": \"持续搭建信贷产品风控看板\", \"employment_period\": \"（2025.04 - 至今, 2个月）\"}, {\"company\": \"上海硕恩网络科技有限公司\", \"job_name\": \"数据分析师\", \"下属人数\": \"3\", \"工作地点\": \"上海-黄浦区\", \"所在部门\": \"技术研发部\", \"汇报对象\": \"技术总监\", \"职责业绩\": \"1. 模型研发：作为主要建模技术负责人，带领团队已完成了5个项目的全流程技术研发与上线，为10+项目提供技术指导，主要技术研发方向如下： a. 运营商评分卡项目研发，如：存量客户信用评级模型、逾期欠费客户催缴模型等； b. 运营商潜客挖掘项目研发，如：终端分期产品潜客挖掘模型等； c. 为公司项目提供技术指导与底层代码优化，如：特征变量衍生算法优化（基于OpenFE的自动化特征变量衍生算法优化）、广告推荐算法设计（基于GCN、wide&deep深度学习的模型设计）等； 2. 技术培训：作为对内项目培训负责人，负责整合公司内部项目材料，制作对内培训文档，分批次对内部技术人员进行培训。\", \"employment_period\": \"（2024.04 - 2025.04, 1年）\"}, {\"company\": \"上海赢仕投资管理有限公司\", \"job_name\": \"量化研究员\", \"下属人数\": \"0\", \"工作地点\": \"上海-长宁区\", \"所在部门\": \"量化投资部\", \"汇报对象\": \"投资总监\", \"职责业绩\": \"1. FOF研究： a. 参与股票类、期货套利类、债券类基金尽调,生成尽调报告； b. 使用mysql搭建并维护FOF基金数据库； c 使用pyecharts、FineBI等工具进行可视化分析,并制作分析报告； 2. 量化模型开发: a 以机器学习(浅学习)的方式挖掘股票、可转债的非线性因子; b 搭建股指期货、股指期权合成期货、etf期权合成期货的基差监控系统，并根据基差套利（约1000w资金，年化5%收益）； c 复现并验证机器学习方向的研报与论文；\", \"employment_period\": \"（2023.04 - 2024.04, 1年）\"}]'),('8bed956597H9718507a4e16','2025-06-28 12:37:19.769672','2025-06-28 12:37:19.769687','[]','匹配中','[]','','[{\"salary\": \"8-13k×12薪\", \"location\": \"上海\", \"position\": \"C++\"}]','陶**','方便联系时间：随时联系 | 女 25岁 上海-宝山区 本科 工作3年 | 软件开发工程师（C++） 上海泓科晟睿软件技术有限公司','','[{\"project_name\": \"CSCAD Launcher 界面\", \"所在公司\": \"上海泓科晟睿软件技术有限公司\", \"项目描述\": \"为国产 CAD 软件 CSCAD 开发了启动器\", \"项目职务\": \"客户端开发\", \"项目职责\": \"维护已有的 Launcher 界面 实现了获取用户信息的弹窗界面（C#，html，JavaScript，css），调用后端提供的接口，把数据发送到服务器 实现了用户信息埋点的获取，调用后端提供的接口，把数据发送到服务器\", \"employment_period\": \"（2023.03 - 2023.09）\"}, {\"project_name\": \"CSCAD 智慧钢构插件\", \"所在公司\": \"上海泓科晟睿软件技术有限公司\", \"项目业绩\": \"在把 Qt 嵌入到 MFC 时，解决了 Qt 输入框在副屏上不可点击的问题，Qt 下拉框在副屏上错位的问题\", \"项目描述\": \"为国产 CAD 软件 CSCAD 开发了一个插件：它可以在 CSCAD 中自动生成梁、板、柱、节点\", \"项目职务\": \"C++开发\", \"项目职责\": \"使用 Qt 负责智慧钢构客户端的界面开发（以 Qt 绘制界面，把界面嵌入到 MFC 中，在 CSCAD 弹出 MFC 对话框），包括但不仅限于界面的绘制，支持多选/单选的差别化显示，弹出模态对话框\", \"employment_period\": \"（2022.08 - 2023.03）\"}]','熟悉 C/C++，C++11，STL库，C++多线程开发，Qt 开发，python 开发，MySQL，CMake，socket编程\n熟悉 Linux 命令 • 熟悉常见的开发工具如：QtCreator，Visual Studio，VSCode，git等\n熟悉敏捷开发流程\n英语四级 cet4 546分','[\"python\", \"c++\"]','离职，正在找工作','[]','[{\"company\": \"上海泓科晟睿软件技术有限公司\", \"job_name\": \"软件开发工程师（C++）\", \"职责业绩\": \"使用 Qt 开发 CAD 二次开发中的客户端部分并且修复相关 bug 编写 python 脚本来提高内部的办公效率 维护已有的打包程序的 PowerShell 脚本 维护已有的 Launcher 界面（C#，html，JavaScript，css）\", \"employment_period\": \"（2022.06 - 2023.09, 1年3个月）\"}, {\"company\": \"上海纯达资产管理有限公司\", \"job_name\": \"量化开发\", \"职责业绩\": \"使用 python 采集、清洗公司部分业务数据并分析 使用 python 管理部分MySQL研究数据并更新、编写数据字典 使用 python 在华泰证券MATIC环境中进行数据处理和交易测试 使用 C++ 进行期货CTP接口开发\", \"employment_period\": \"（2021.11 - 2022.05, 6个月）\"}]'),('8bee9d6693Y97165e784a12','2025-06-28 12:37:20.064496','2025-06-28 12:37:20.064515','[]','匹配中','[]','','[{\"salary\": \"20-30k×24薪\", \"location\": \"上海\", \"position\": \"金融研究\"}]','关**','方便联系时间：18点以后及节假日 | 女 29岁 上海 硕士 工作5年 2k | 基金研究员 宁波银行理财子','','[]','本人性格上负责踏实，开朗乐观，善于沟通，热爱金融行业；工作期间负责权益基金和公募对冲基金调研访谈、报告撰写、入库跟踪和专题研究工作，具有理工和金融复合背景，擅长定量工具的应用和编程。','[\"证券分析\", \"量化分析\"]','在职，看看新机会','[]','[{\"company\": \"宁波银行理财子\", \"job_name\": \"基金研究员\", \"下属人数\": \"0\", \"工作地点\": \"上海\", \"职责业绩\": \"2021年-2022年搭建公募权益基金定量研究数据库、定量风格标签、搭建公募量化基金研究框架并辅助投资 ◼ 权益基金的定量研究，使用Python落地基金研究数据库和定量模型开发：2021年负责权益基金定量研究框架搭建研究课题，并进行基金研究数据库搭建和定期更新，数据库包括业绩数据、股票因子数据、基金持仓数据等，并基于基金数据库开发基金评价定量模板，识别基金风格标签，构建基金风格指数，筛选优秀基金标的。 ◼ 权益基金的风格标签课题：2021年负责权益基金风格标签研究课题，基于对基金经理投资方法的理解，从A股市场基金经理投资方法出发自定义五类投资风格，并对三种选股风格使用持仓定义相应的定量风格标签，定期更新风格标签并形成策略曲线，用以进行基金经理风格判断、基金经理业绩跟踪、FOF组合构建。 ◼ 公募指数增强和量化对冲基金研究和投资策略：2021年负责公募量化基金定量及定性研究课题，定性评价侧重团队模型的完备性，定量评价基于业绩稳定性、风格暴露、业绩归因，标的选择更为依靠定量判断。开发公募对冲策略TAA择时模型，协助理财产品内对冲策略的投资管理，2022年对冲策略投资建议为10%对冲策略中枢产品贡献增厚20BP。 2023年担任另类策略研究组长，搭建私募基金研究框架，完成MOM组合投前工作并制定投资计划，获得当年优秀研究员 ◼ 私募基金研究和投资策略：2023年担任部门私募另类策略负责人，牵头理财子私募投资流程落地和管理人筛选，访谈私募管理人30余家，负责搭建部门私募量化对冲、量化CTA的基金研究框架，负责优选管理人成立MOM专户并进行投后管理，构建包含2家管理人的MOM专户。通过收益来源分解开发私募量化对冲、CTA策略的TAA择时模型，基于TAA模型可规避24年初私募量化策略回撤。 2024年担任公募股基研究组长，优化股基跟踪框架，完成A股市场风格策略研究 ◼ 权益基金的定性研究：对所覆盖的基金公司内基金经理进行尽调访谈并形成研究报告，对基金经理具体的投资方法，过往投资操作进行分析，并结合定量结果得出最终评价。访谈并形成报告的权益基金经理超过200余位，2024年开始担任部门股基研究组长，带领组员优化跟踪体系，所构建研究员推荐组合2025年相比于偏股基金指数超额1%。 ◼ A股权益市场风格策略研究：通过构建包含基本面、流动性、情绪三大类低频因子，对市场大小盘、价值成长风格做出定量判断，月频调仓模型，大小盘择时相比于大小盘等权指数年化超额约12%，价值成长相比于价值成长等权指数择时年化超额约8%。 ◼ 专业技能：CFA level II Candidate ◼ 计算机：Python熟练 ◼ 语言：CET-6; 良好的文献阅读能力\", \"employment_period\": \"（2020.07 - 至今, 4年11个月）\"}]'),('8ce79d6697e7R971d5e7f4819','2025-06-28 12:37:20.362351','2025-06-28 12:37:20.362374','[]','匹配中','[]','','[{\"salary\": \"21-22k×12薪\", \"location\": \"上海\", \"position\": \"量化研究\"}]','找**','方便联系时间：随时联系 | 男 28岁 上海 硕士 工作2年 20k · 15薪 | 投资助理/研究员(资管部→研究所) 国泰君安期货','','[]',' 职业背景：金融数学与计算机工程复合型学术背景，头部券商及跨国金融机构的双重实战经历，掌握智能投研系统开发、买方框架研究、多因子量化建模等专业能力，精通机器学习与高维数据处理。\n 行业优势：深度理解全球大类资产运用规律，具备宏观周期驱动下策略开发能力，曾基于期权组合动态对冲及跨资产相关性分析，对大多国内商品基本面有深入的了解，有海外大类资产的交易经验，对国内私募市场了解深入。\n 综合特质：强逻辑，强执行，中英双语流利，适配国际化团队协作，持续迭代策略认知，保持对前沿量化技术的敏感度。','[]','在职，看看新机会','[]','[{\"company\": \"国泰君安期货\", \"job_name\": \"投资助理/研究员(资管部→研究所)\", \"职责业绩\": \"根据公司战略重组规划，原资管/自营/研究所资产研究团队整体划转至研究所，统筹跨业务条线资产配置研究，聚焦经济周期驱动的全天候策略框架构建，支持自营、资管及机构客户战术配置需求。 【资管类业务】  项目管理：主导银行委外项目全生命周期管理，涵盖资方需求对接、资产推荐、系统开发定制、产品过会备案全流程协调，协同合规、运营、交易部门完成定制化需求落地。  策略评估：完成 200+私募策略尽调，覆盖策略类型包含量化股票、量化/主观 CTA、套利、期权、宏观对冲等，建立策略分类标签库，为 FOF 组合、场外衍生品及债券投资提供适配性分析。  资产池管理：构建并维护公司动态调整的核心资产池，结合经济周期轮动逻辑输出战术配置建议，支撑自营、资 管、高净值客户定制化资产配置方案设计。  产品设计：参与持仓返还、货基增强现金管理类产品设计以及雪球产品结构挑选，并协助测算以上产品的申赎流动性管理，设定产品开放期以及流动性预警。  系统开发：主导建设委外业务绩效归因系统底层开发，实现策略收益拆解、风格因子暴露、Brinson 归因等功能的底层代码开发及动态评估，协助前端实现系统上线，并牵头绩效归因系统的对外/对内路演，突出展示策略穿透式分析能力。  自动化建设：研发委外业务条线自动化脚本，利用 Python 实现监管报表生成、资管产品周报/月报、定期报告输出等核心功能自动化，并及时响应资方对运行中产品的临时需求。 【投资研究类业务】  全天候策略研究框架：融合风险平价模型等模型进行改良或框架调整，对基金组合提供资产配置权重参考，适配不同经济周期下的股、债、商品、衍生品配置需求。  大类资产配置研究：基于客户及研究需求，自上而下分析宏观经济数据与量价指标，挖掘 A 股、国债、商品、美股等大类资产配置机会，并延伸至小微盘股拥挤度观测、商品板块趋势延续性观测等细分领域，对各类资产进行风险预警以及交易机会提示。  宏观经济分析：收集海内外宏观经济数据，含国债期货数据，对中美经济日常观测及分析，寻找有赔率的交易。  单一资产分析：对单一资产搭建择时/预警指标，如使用优化后的 Husrt 及 ATR 结合对量化 CTA 策略的趋势延续性进行观测，复合市场成交占比等对 ETF 拥挤度进行观测，用 TSMOM 因子对中性策略进行收益拆解等，用于寻找单一资产的择时机会。  投研工具开发：构建量化策略评估体系，开发定量/定性评估指标，基于 Python 实现数据清洗（2024 年 8 月后全量数据）、持续更新数据及多因子绩效归因指标计算，构建市场观测、资产分析工具、资产组合模型，集成 DeepSeek API 实现非结构化数据处理，自动化提取私募尽调报告关键信息，生成策略标签并构建智能筛选系统。  回测框架开发：基于 vectorbt 开发量化策略逐笔回测分析框架，可以支持预测类、规则类策略的逐笔回测，并实现对因子的预处理、回测、绩效归因的完整链路  机构客户服务支持：为资方提供全天候策略逻辑下的多资产配置方案，设计商品、债券负相关性对冲组合，协助完成海内外中英文路演，输出大类资产配置观点及策略落地路径。\", \"employment_period\": \"（2022.07 - 至今, 2年11个月）\"}, {\"company\": \"G1ANT Ltd（英国伦敦）\", \"job_name\": \"软件开发\", \"职责业绩\": \"协助用户完成软件中保险保单、财报数据、销售管理等多维度数据库的构建预更新，基于自研领域专用编程语言，实现覆盖项目管理、时间表优化等多项统计测试的自动化功能。  系统迭代：完成多家公司 RPA 竞品软件技术对标分析，主导 G1ANT.robot 核心模块功能改进，并负责软件测试与 BUG 修复，确保系统稳定性提升。\", \"employment_period\": \"（2017.05 - 2018.08, 1年3个月）\"}, {\"company\": \"摩根大通（俄亥俄州哥伦布市）\", \"job_name\": \"数据分析师\", \"职责业绩\": \" 数据治理：清洗摩根大通于俄亥俄州的 500 台 ATM 机 13 年历史取款数据，修复字段缺失、逻辑冲突等异常数据 100+项，开发 ATM 现金存量动态调仓补足算法模型，成功被公司采纳并一直延用至今。  预测建模：建立 SARIMA 时间序列模型，进行短期取款额预测，精准识别赛事周期因子等非对称季节性规律。\", \"employment_period\": \"（2016.04 - 2016.09, 5个月）\"}, {\"company\": \"Shadowbox live\", \"job_name\": \"量化分析\", \"职责业绩\": \" 模型开发：构建集成学习框架，处理购票记录/用户画像/区域消费水平等多源异构数据，完成用户分层，通过提取关键预测因子，实现优惠券智能分发。  效能评估：使用回归模型以及过往用户数据对特定演出进行用户喜好预测，持续优化最初模型。  价值转化：通过部署预测系统及优惠券发放，目标场次上座率较区域基准提升 30%，剧院票房收入增长 28%。\", \"employment_period\": \"（2015.08 - 2015.12, 4个月）\"}]'),('8ce9956d9ae9C9717517e4b15','2025-06-28 12:37:20.833309','2025-06-28 12:37:20.833328','[\'大学英语四级\', \'基金从业资格证\', \'期货从业资格证\', \'银行间交易员证书\']','匹配中','[]','','[{\"salary\": \"20-30k×14薪\", \"location\": \"上海\", \"position\": \"证券交易员\"}]','李**','方便联系时间：随时联系 | 男 29岁 合肥 硕士 工作4年 保密 | 交易员 华安期货有限责任公司','','[]','本人有扎实的数学基础，掌握Python、MATLAB、R等建模软件，熟练掌握各种证券期货交易软件、银行间债券的交易软件，并且担任期货资产管理部交易员已三年，有丰富的交易经验、风控意识和合规意识，参与4亿的资管产品管理规模，债券业务方面有广泛的人脉与同业合作，目前持有期货从业资格证、基金从业资格证、银行间交易员资格证.','[\"数据分析\"]','在职，看看新机会','[]','[{\"company\": \"华安期货有限责任公司\", \"job_name\": \"交易员\", \"职责业绩\": \"工作职责： 1.盘前登录各产品的交易软件，检查网络是否通畅 2.盘中根据交易指令，快速精准的完成交易指令 3.及时反馈持仓、资金、行情的变化，并报告给投资经理 4.盘后统计当天的交易情况，并制作报表，进行分析总结 5.根据当天交易情况，对策略进行一定的优化\", \"employment_period\": \"（2021.09 - 至今, 3年9个月）\"}, {\"company\": \"安粮期货\", \"job_name\": \"量化研究员\", \"职责业绩\": \"1.在期货研究所轮岗期间对期货品种进行研究，开发期货期权量化策略，参与过大商所“保险+期货”项目申请与跟踪 2.在资产管理部轮岗期间参与fof基金的尽调，对fof子基金的选择有一定的了解 3.在结算部期间了解并参与交易所的盘后结算工作\", \"employment_period\": \"（2021.02 - 2021.08, 6个月）\"}, {\"company\": \"安徽省信息产业投资控股有限公司\", \"job_name\": \"投资助理\", \"职责业绩\": \"1 . 配合完成有关项目的宏观政策、行业及市场研究工作，收集相关信息；  2.筛选投资机会，负责项目立项；对项目的数据整理及投资价值与风险进行初步评估； 3.协助领导建立维护投资项目的寻找、评估、立项、尽职调查、估值、回报分析、谈判、交易及退出，并参与被投企业的投后管理工作.\", \"employment_period\": \"（2019.09 - 2019.11, 2个月）\"}]'),('8ee0936898eaD911c5a794717','2025-06-27 13:48:27.340927','2025-06-28 08:00:31.867092','[\'大学英语四级\', \'大学英语六级\']','匹配中','[]','','[{\"salary\": \"20-35k×12薪\", \"location\": \"上海\", \"position\": \"售前技术支持\"}]','王**',' | 男 33岁 上海 本科 工作9年 | 售前技术支持 苏州科达科技股份有限公司','','[]','1. 国内外大型项目规划、设计、落地支撑经验，伴随行业信息化、智慧城市、数字政府改革一路成长，具备各层级政府部门项目的实践经验。\n2. 项目管理、售前支持、解决方案孵化、规划设计等多岗位的从业与管理经验，拥有优秀的政策解读能力、商机挖掘能力、规划引导能力、解决方案培育能力和知识体系构建能力。\n3. 政策解读能力：通过工作积累，具备政策解读能力，能够准确把握行业发展趋势，判断发展阶段，明确发展方向，输出潜在商机。\n4. 知识体系构建能力：在行业信息的基础上总结行业知识，形成思路输出想法，并进行实践检验。\n5. 项目管理能力：通过大型项目锻炼，具备较强的现场组织梳理、团队管理、进度管理、资源调配的能力。\n6. 文档编写能力：掌握规划、设计方案、汇报材料、标准、论文等不同文档资料的编写方法，能够准确输出对应的文档材料。\n7. 沟通表达能力：日常工作积累丰富的对外交流沟通经验，能够应对口述交流、宣讲、汇报等不同沟通场景，准确表达。','[\"售前工程师\"]','离职，正在找工作','[]','[{\"company\": \"苏州科达科技股份有限公司\", \"job_name\": \"售前技术支持\", \"下属人数\": \"0\", \"职责业绩\": \"主要工作范围： 1、负责全国范围内大型重点项目的售前技术支持，包括雪亮工程、智慧警务、智慧城市、社会治理等政府信息化项目的全流程管理，涵盖需求、规划、设计、招投标及实施阶段。   2、开拓行业新市场，从0到1打磨行业解决方案，提升公司业务覆盖范围。   3、参与国家、地方及行业标准的编制工作，推动行业规范化发展。   4、组织内外部培训，针对新员工、分公司及合作伙伴、用户进行技术推广与知识传递。   5、作为技术负责人进行多个省、市、区县等不同层级的项目全生命周期管理。  项目分阶段工作内容： （1）需求阶段—项目前期与各业务部门用户进行需求沟通、实地调研，输出调研报告。 （2）规划阶段—根据调研报告结果，结合地方政策、工作报告、行动计划，形成本领域的规划方案。 （3）设计阶段—拉通公司各团队力量，牵头设计编写整体项目可行性研究报告、项目设计方案。 （4）招投标阶段-招标文件处理、投标文件编制、协助投标与述标。 （5）实施阶段—结合前期规划蓝图、设计方案，与项目交付团队技术交底，保障项目顺利交付。\", \"employment_period\": \"（2018.04 - 至今, 7年2个月）\"}, {\"company\": \"上海天道科技有限公司\", \"job_name\": \"售前技术支持\", \"下属人数\": \"0\", \"职责业绩\": \"1、负责公安、交通、金融等行业的售前技术支持，涵盖需求、规划、设计、招投标及实施阶段。   2、组织内外部培训，针对新员工及合作伙伴、用户进行技术推广与知识传递。   3、在项目需求阶段进行用户调研并输出调研报告，规划阶段制定规划方案，设计阶段牵头编写可行性研究报告及设计方案，招投标阶段进行招投标材料编制及投标述标工作，实施阶段保障项目顺利交付。 4、作为技术负责人进行多个行业项目的全生命周期管理。\", \"employment_period\": \"（2016.03 - 2018.04, 2年1个月）\"}, {\"company\": \"浙江宇视科技有限公司\", \"job_name\": \"售前技术支持\", \"下属人数\": \"0\", \"职责业绩\": \"1、负责公安、司法等行业的售前技术支持，涵盖需求、规划、设计、招投标及实施阶段。   2、组织内外部培训，针对新员工、合作伙伴、用户进行技术推广与知识传递。   3、在项目需求阶段进行用户调研并输出调研报告，规划阶段制定规划方案，设计阶段牵头编写可行性研究报告及设计方案，招投标阶段进行招投标材料编制及投标述标工作，实施阶段保障项目顺利交付。 4、获得全部四项工程师认证，同期入职的近百名同事中仅三人全部通过（宇视认证网络技术工程师、宇视认证智能交通系统工程师、宇视认证视频监控技术工程师、宇视认证商业监控系统工程师）。\", \"employment_period\": \"（2015.08 - 2016.03, 7个月）\"}]'),('memory','2025-06-27 23:54:55.016633','2025-06-27 23:56:56.888655','[]','匹配中','[]','981653507@qq.com','[]','mango','','[]','[]','','[]','在职，暂无跳槽打算','[]','[]');
/*!40000 ALTER TABLE `resumes_resume` ENABLE KEYS */;
UNLOCK TABLES;

--
-- Table structure for table `resumes_resume_related_jobs`
--

DROP TABLE IF EXISTS `resumes_resume_related_jobs`;
/*!40101 SET @saved_cs_client     = @@character_set_client */;
/*!50503 SET character_set_client = utf8mb4 */;
CREATE TABLE `resumes_resume_related_jobs` (
  `id` bigint NOT NULL AUTO_INCREMENT,
  `resume_id` varchar(32) NOT NULL,
  `jobposition_id` bigint NOT NULL,
  PRIMARY KEY (`id`),
  UNIQUE KEY `resumes_resume_related_j_resume_id_jobposition_id_3af898ca_uniq` (`resume_id`,`jobposition_id`),
  KEY `resumes_resume_relat_jobposition_id_4837c7ad_fk_jobs_jobp` (`jobposition_id`),
  CONSTRAINT `resumes_resume_relat_jobposition_id_4837c7ad_fk_jobs_jobp` FOREIGN KEY (`jobposition_id`) REFERENCES `jobs_jobposition` (`id`),
  CONSTRAINT `resumes_resume_relat_resume_id_c3e026b3_fk_resumes_r` FOREIGN KEY (`resume_id`) REFERENCES `resumes_resume` (`resume_id`)
) ENGINE=InnoDB AUTO_INCREMENT=3 DEFAULT CHARSET=utf8mb4 COLLATE=utf8mb4_0900_ai_ci;
/*!40101 SET character_set_client = @saved_cs_client */;

--
-- Dumping data for table `resumes_resume_related_jobs`
--

LOCK TABLES `resumes_resume_related_jobs` WRITE;
/*!40000 ALTER TABLE `resumes_resume_related_jobs` DISABLE KEYS */;
INSERT INTO `resumes_resume_related_jobs` VALUES (1,'8ee0936898eaD911c5a794717',1),(2,'8ee0936898eaD911c5a794717',2);
/*!40000 ALTER TABLE `resumes_resume_related_jobs` ENABLE KEYS */;
UNLOCK TABLES;

--
-- Table structure for table `resumes_uploadrecord`
--

DROP TABLE IF EXISTS `resumes_uploadrecord`;
/*!40101 SET @saved_cs_client     = @@character_set_client */;
/*!50503 SET character_set_client = utf8mb4 */;
CREATE TABLE `resumes_uploadrecord` (
  `id` bigint NOT NULL AUTO_INCREMENT,
  `filename` varchar(255) NOT NULL,
  `upload_time` datetime(6) NOT NULL,
  `user_id` int NOT NULL,
  `parse_status` varchar(10) NOT NULL,
  `resume_id` varchar(32) DEFAULT NULL,
  `error_message` longtext,
  PRIMARY KEY (`id`),
  KEY `resumes_uploadrecord_resume_id_7187b1c3_fk_resumes_r` (`resume_id`),
  KEY `resumes_uploadrecord_user_id_2187a373_fk_auth_user_id` (`user_id`),
  CONSTRAINT `resumes_uploadrecord_resume_id_7187b1c3_fk_resumes_r` FOREIGN KEY (`resume_id`) REFERENCES `resumes_resume` (`resume_id`),
  CONSTRAINT `resumes_uploadrecord_user_id_2187a373_fk_auth_user_id` FOREIGN KEY (`user_id`) REFERENCES `auth_user` (`id`)
) ENGINE=InnoDB AUTO_INCREMENT=78 DEFAULT CHARSET=utf8mb4 COLLATE=utf8mb4_0900_ai_ci;
/*!40101 SET character_set_client = @saved_cs_client */;

--
-- Dumping data for table `resumes_uploadrecord`
--

LOCK TABLES `resumes_uploadrecord` WRITE;
/*!40000 ALTER TABLE `resumes_uploadrecord` DISABLE KEYS */;
INSERT INTO `resumes_uploadrecord` VALUES (1,'一卡通每日消费.xlsx','2025-06-23 00:39:18.693868',1,'fail',NULL,NULL),(2,'一卡通每日消费.xlsx','2025-06-23 01:24:47.939448',1,'fail',NULL,NULL),(3,'DeepSeek_V3.pdf','2025-06-23 01:24:57.169002',1,'fail',NULL,NULL),(4,'SPS.pdf','2025-06-23 02:16:25.837796',1,'success',NULL,NULL),(5,'一卡通每日消费.xlsx','2025-06-23 06:17:26.122332',1,'success',NULL,NULL),(26,'DeepSeek_V3.pdf','2025-06-27 13:48:26.223276',4,'success',NULL,NULL),(27,'memory.pdf','2025-06-27 13:48:26.800840',4,'success',NULL,NULL),(28,'NO.8be599659cV971a5d7b4b10.html','2025-06-27 13:48:26.983818',4,'success','8be599659cV971a5d7b4b10',NULL),(29,'NO.8ee0936898eaD911c5a794717.html','2025-06-27 13:48:27.292988',4,'success','8ee0936898eaD911c5a794717',NULL),(30,'NO.88e8996197V941e5d704c18.html','2025-06-27 13:48:27.588373',4,'fail',NULL,'(1406, \"Data too long for column \'status\' at row 1\")'),(31,'SPS.pdf','2025-06-27 13:48:27.801035',4,'success',NULL,NULL),(32,'一卡通每日消费.xlsx','2025-06-27 13:48:27.990338',4,'fail',NULL,'cannot access local variable \'data\' where it is not associated with a value'),(40,'NO.8be599659cV971a5d7b4b10.html','2025-06-28 07:43:03.257861',4,'success','8be599659cV971a5d7b4b10',NULL),(41,'NO.8ee0936898eaD911c5a794717.html','2025-06-28 07:43:03.442464',4,'success','8ee0936898eaD911c5a794717',NULL),(42,'NO.88e8996197V941e5d704c18.html','2025-06-28 07:43:03.586140',4,'fail',NULL,'(1406, \"Data too long for column \'status\' at row 1\")'),(43,'NO.8be599659cV971a5d7b4b10.html','2025-06-28 07:46:45.831002',4,'success','8be599659cV971a5d7b4b10',NULL),(44,'NO.8ee0936898eaD911c5a794717.html','2025-06-28 07:46:46.049309',4,'success','8ee0936898eaD911c5a794717',NULL),(45,'NO.88e8996197V941e5d704c18.html','2025-06-28 07:46:46.234017',4,'fail',NULL,'(1406, \"Data too long for column \'status\' at row 1\")'),(46,'DeepSeek_V3.pdf','2025-06-28 07:49:09.315002',4,'fail',NULL,NULL),(47,'DeepSeek_V3.pdf','2025-06-28 07:49:11.983545',4,'fail',NULL,NULL),(48,'NO.8ee0936898eaD911c5a794717.html','2025-06-28 07:49:49.281365',4,'success','8ee0936898eaD911c5a794717',NULL),(49,'NO.88e8996197V941e5d704c18.html','2025-06-28 07:49:49.420464',4,'fail',NULL,'(1406, \"Data too long for column \'status\' at row 1\")'),(50,'NO.8be599659cV971a5d7b4b10.html','2025-06-28 07:50:40.914957',4,'success','8be599659cV971a5d7b4b10',NULL),(51,'NO.8ee0936898eaD911c5a794717.html','2025-06-28 07:51:29.761963',4,'success','8ee0936898eaD911c5a794717',NULL),(52,'NO.8ee0936898eaD911c5a794717.html','2025-06-28 07:53:44.499514',4,'success','8ee0936898eaD911c5a794717',NULL),(53,'NO.8ee0936898eaD911c5a794717.html','2025-06-28 07:57:00.149868',4,'success','8ee0936898eaD911c5a794717',NULL),(54,'NO.8be599659cV971a5d7b4b10.html','2025-06-28 07:57:54.127425',4,'success','8be599659cV971a5d7b4b10',NULL),(55,'NO.8ee0936898eaD911c5a794717.html','2025-06-28 08:00:31.826635',4,'success','8ee0936898eaD911c5a794717',NULL);
/*!40000 ALTER TABLE `resumes_uploadrecord` ENABLE KEYS */;
UNLOCK TABLES;

--
-- Table structure for table `users_userprofile`
--

DROP TABLE IF EXISTS `users_userprofile`;
/*!40101 SET @saved_cs_client     = @@character_set_client */;
/*!50503 SET character_set_client = utf8mb4 */;
CREATE TABLE `users_userprofile` (
  `id` bigint NOT NULL AUTO_INCREMENT,
  `role` varchar(10) NOT NULL,
  `user_id` int NOT NULL,
  PRIMARY KEY (`id`),
  UNIQUE KEY `user_id` (`user_id`),
  CONSTRAINT `users_userprofile_user_id_87251ef1_fk_auth_user_id` FOREIGN KEY (`user_id`) REFERENCES `auth_user` (`id`)
) ENGINE=InnoDB AUTO_INCREMENT=8 DEFAULT CHARSET=utf8mb4 COLLATE=utf8mb4_0900_ai_ci;
/*!40101 SET character_set_client = @saved_cs_client */;

--
-- Dumping data for table `users_userprofile`
--

LOCK TABLES `users_userprofile` WRITE;
/*!40000 ALTER TABLE `users_userprofile` DISABLE KEYS */;
INSERT INTO `users_userprofile` VALUES (1,'猎头',1),(3,'猎头',3),(4,'猎头',4),(5,'猎头',5),(6,'猎头',6),(7,'猎头',7);
/*!40000 ALTER TABLE `users_userprofile` ENABLE KEYS */;
UNLOCK TABLES;
/*!40103 SET TIME_ZONE=@OLD_TIME_ZONE */;

/*!40101 SET SQL_MODE=@OLD_SQL_MODE */;
/*!40014 SET FOREIGN_KEY_CHECKS=@OLD_FOREIGN_KEY_CHECKS */;
/*!40014 SET UNIQUE_CHECKS=@OLD_UNIQUE_CHECKS */;
/*!40101 SET CHARACTER_SET_CLIENT=@OLD_CHARACTER_SET_CLIENT */;
/*!40101 SET CHARACTER_SET_RESULTS=@OLD_CHARACTER_SET_RESULTS */;
/*!40101 SET COLLATION_CONNECTION=@OLD_COLLATION_CONNECTION */;
/*!40111 SET SQL_NOTES=@OLD_SQL_NOTES */;

-- Dump completed on 2025-07-03  1:58:23
